"Tweet Id","Tweet URL","Media Id","Media URL","Tweet Posted Time (UTC)","Tweet Content","Tweet Type",Client,"Retweets Received","Favourites Received","User Id",Name,"Screen Name","Verified or Non-Verified","Profile URL","Protected or Not Protected"
"""1124501613757046784""",https://twitter.com/bbcsinhala/status/1124501613757046784,"""1124501409863536643""",https://video.twimg.com/ext_tw_video/1124501409863536643/pu/vid/720x720/XOzzR52--WfHtoBG.mp4?tag=10,"04 May 2019 02:30:51","""‡∂∏‡∑ö‡∂ö ‡∑É‡∑î‡∂±‡∑è‡∂∏‡∑í‡∂∫‡∂ß ‡∑Ä‡∂©‡∑è ‡∂∂‡∂ª‡∂¥‡∂≠‡∂Ω ‡∂≠‡∂≠‡∑ä‡∂≠‡∑ä‡∑Ä‡∂∫‡∂ö‡∑ä""
Easter Sunday attacks: Future of SriLank 's tourism sector
#SriLanka #lk #easter https://t.co/HtBicbUVAG",Tweet,SocialFlow,6,40,"""23761492""","BBC News Sinhala",bbcsinhala,Verified,https://twitter.com/bbcsinhala,Non-Protected
"""1122500904068898818""",https://twitter.com/20YS/status/1122500904068898818,"""1122500774766895105""",https://video.twimg.com/ext_tw_video/1122500774766895105/pu/vid/360x640/lPxsqvjukhckfOso.mp4?tag=10,"28 Apr 2019 14:00:45","#Throwback to #Easter mass at the Notre Dame Basilica. üôèüèΩ

There was significant police presence following the attacks in #Colombo #SriLanka. üò•

#ottawa #ottcity #sundaymass https://t.co/vfx7MUYvlh",Tweet,"Twitter for iPhone",0,3,"""193745675""","Twenty York Street",20YS,Non-Verified,https://twitter.com/20YS,Non-Protected
"""1122449309041971200""",https://twitter.com/thandojo/status/1122449309041971200,"""1122449209179795457""",https://video.twimg.com/ext_tw_video/1122449209179795457/pu/vid/636x382/-inDCcUJHQPwZWRr.mp4?tag=9,"28 Apr 2019 10:35:44","Hunt for the ISIS 'handler' of #SriLanka #Easter bombers: Video shows 'subtle and professional' man watching suicide bomber who attacked St Sebastian's Church walk into church before calmly strolling away as explosion kills 100 people https://t.co/F5v0OhAa5M",Tweet,"Twitter Web Client",0,3,"""1376011723""","Hans Solo",thandojo,Non-Verified,https://twitter.com/thandojo,Non-Protected
"""1121825103707131904""",https://twitter.com/RebeccaRambar/status/1121825103707131904,"""1121825074766655489""",https://video.twimg.com/ext_tw_video/1121825074766655489/pu/vid/320x320/mtOQBld72OJeU2E5.mp4?tag=8,"26 Apr 2019 17:15:21","#SriLanka Autre vid√©o qui montre mieux l'op√©ration des forces de s√©curit√© et les mat√©riels saisis.
#Senthilgaman #Samanthurai, #Ampar #SriLankaAttacks #SriLankaBlasts #ISIS #Easter #Daesh #Paques #EI #Colombo https://t.co/HDUpAc8BA4",Reply,TweetDeck,2,3,"""861614085275865088""","Rebecca Rambar",RebeccaRambar,Non-Verified,https://twitter.com/RebeccaRambar,Non-Protected
"""1121813257998741504""",https://twitter.com/RebeccaRambar/status/1121813257998741504,"""1121812395935129600""",https://video.twimg.com/ext_tw_video/1121812395935129600/pu/pl/gl17oeaSOTZZy_1z.m3u8?tag=8,"26 Apr 2019 16:28:17","#SriLanka Un important raid men√© par la police, le STF et l'arm√©e dans l'est de l'√Æle a permis de d√©couvrir 1 drapeau de l'#EI &amp; beaucoup de mat√©riel d'artificer dans la r√©gion de #Senthilgaman √† #Samanthurai, #Ampar
#SriLankaAttacks #SriLankaBlasts #ISIS #Easter #Daesh #Paques https://t.co/vkZjOLgZLR",Reply,TweetDeck,2,4,"""861614085275865088""","Rebecca Rambar",RebeccaRambar,Non-Verified,https://twitter.com/RebeccaRambar,Non-Protected
"""1121793584020111360""",https://twitter.com/HoneyBadgerRulz/status/1121793584020111360,"""1121792390673551360""",https://video.twimg.com/ext_tw_video/1121792390673551360/pu/vid/752x432/05Yi1vZ-iXHIfcA-.mp4?tag=8,"26 Apr 2019 15:10:07","CCTV footage ;Suicide Bombers in Cinnamon Grand Hotel and Shangri-La Hotel . Watch One hesitated to blow out the bomb!
#SriLankaTerrorAttack #SriLankaAttacks #SriLankaTerrorAttacks #EasterAttackSL #easter #SuicideBomber #srilanka https://t.co/zESrndU9fN",Tweet,"Twitter for iPhone",0,0,"""3243547586""","Honey Badger",HoneyBadgerRulz,Non-Verified,https://twitter.com/HoneyBadgerRulz,Non-Protected
"""1121715002019332096""",https://twitter.com/MarkVanderwerf4/status/1121715002019332096,"""1120717173054484480""",https://video.twimg.com/ext_tw_video/1120717173054484480/pu/pl/jvzizfk6d9SqOqKa.m3u8?tag=8,"26 Apr 2019 09:57:51","RT @TheRebelTV: #SriLanka #Easter #tcot https://t.co/JXfqrRy5bZ",ReTweet,"Twitter for Android",0,0,"""1046698130488651776""","Mark Vanderwerf",MarkVanderwerf4,Non-Verified,https://twitter.com/MarkVanderwerf4,Non-Protected
"""1121707961951428608""",https://twitter.com/FRANCE24/status/1121707961951428608,"""1121707683466313729""",https://video.twimg.com/ext_tw_video/1121707683466313729/pu/pl/TWWvkxXhkv8WW859.m3u8?tag=8,"26 Apr 2019 09:29:53","#SriLanka: The suspected leader of the militant group authorities said carried out a series of #Easter Sunday bombings died in the blast at the #ShangriLa hotel #SriLankaAttack #EasterSundayAttacksSL https://t.co/K6iFVwTsOE",Tweet,"Twitter Web Client",10,25,"""1994321""","FRANCE 24",FRANCE24,Verified,https://twitter.com/FRANCE24,Non-Protected
"""1121464256065568768""",https://twitter.com/hublonotagain/status/1121464256065568768,"""1120717173054484480""",https://video.twimg.com/ext_tw_video/1120717173054484480/pu/pl/jvzizfk6d9SqOqKa.m3u8?tag=8,"25 Apr 2019 17:21:29","RT @TheRebelTV: #SriLanka #Easter #tcot https://t.co/JXfqrRy5bZ",ReTweet,"Twitter for Android",0,0,"""604915514""","hubl o' notagain",hublonotagain,Non-Verified,https://twitter.com/hublonotagain,Non-Protected
"""1121344130389618688""",https://twitter.com/RebeccaRambar/status/1121344130389618688,"""1121343997803466752""",https://video.twimg.com/ext_tw_video/1121343997803466752/pu/vid/318x180/6OsAlxaE5w4czpzk.mp4?tag=8,"25 Apr 2019 09:24:08","#SriLanka Une autre explosion aurait eu lieu √† #Pugoda √† 40 km de #Colombo 
L'explosion se serait produite derri√®re le tribunal d'instance. La police dit qu'il n'y a pas eu de victimes
#SriLankaAttacks #SriLankaBlasts #ISIS #Daesh #EI #Easter https://t.co/TXveUUUMEi",Reply,TweetDeck,1,1,"""861614085275865088""","Rebecca Rambar",RebeccaRambar,Non-Verified,https://twitter.com/RebeccaRambar,Non-Protected
"""1121214497291739136""",https://twitter.com/lwin_maung/status/1121214497291739136,"""1120717173054484480""",https://video.twimg.com/ext_tw_video/1120717173054484480/pu/pl/jvzizfk6d9SqOqKa.m3u8?tag=8,"25 Apr 2019 00:49:01","RT @TheRebelTV: #SriLanka #Easter #tcot https://t.co/JXfqrRy5bZ",ReTweet,"Twitter Web Client",0,0,"""821591252""","Maung Lwin",lwin_maung,Non-Verified,https://twitter.com/lwin_maung,Non-Protected
"""1121204460506820608""",https://twitter.com/timotech/status/1121204460506820608,"""1120717173054484480""",https://video.twimg.com/ext_tw_video/1120717173054484480/pu/pl/jvzizfk6d9SqOqKa.m3u8?tag=8,"25 Apr 2019 00:09:09","RT @TheRebelTV: #SriLanka #Easter #tcot https://t.co/JXfqrRy5bZ",ReTweet,"Twitter for Android",0,0,"""154314308""","Timothy Ayodele",timotech,Non-Verified,https://twitter.com/timotech,Non-Protected
"""1121132464913645574""",https://twitter.com/i24NEWS_EN/status/1121132464913645574,"""1121132335183822848""",https://video.twimg.com/amplify_video/1121132335183822848/vid/1280x720/kkx4D37AqauTMeKl.mp4?tag=11,"24 Apr 2019 19:23:03","It is becoming clear that security officials in the #SriLanka could have done a lot more to prevent the attacks that took place on #Easter Sunday. 
Our @jregevi24news has the story: 

üì∫ More: https://t.co/xaeP4dn51J https://t.co/kEhSuWYKoa",Tweet,Wildmoka,3,3,"""1322420269""","i24NEWS English",i24NEWS_EN,Verified,https://twitter.com/i24NEWS_EN,Non-Protected
"""1121069515884773376""",https://twitter.com/LadduAnupama/status/1121069515884773376,"""1120739337430126594""",https://video.twimg.com/ext_tw_video/1120739337430126594/pu/vid/640x360/BJM7PJwySB8xVmvv.mp4?tag=8,"24 Apr 2019 15:12:55","RT @AlbertBatlayeri: #BREAKING : #NTJ alliance with #ISIS on #SriLanka's #Easter bombs attack. https://t.co/ygHB8w5ogx",ReTweet,"Twitter for Android",0,0,"""930609474347212800""","Prabhas Laddu üö©",LadduAnupama,Non-Verified,https://twitter.com/LadduAnupama,Non-Protected
"""1121050942047178753""",https://twitter.com/zerausytel/status/1121050942047178753,"""1120717173054484480""",https://video.twimg.com/ext_tw_video/1120717173054484480/pu/pl/jvzizfk6d9SqOqKa.m3u8?tag=8,"24 Apr 2019 13:59:07","RT @TheRebelTV: #SriLanka #Easter #tcot https://t.co/JXfqrRy5bZ",ReTweet,"Twitter for iPhone",0,0,"""469747759""",leticia,zerausytel,Non-Verified,https://twitter.com/zerausytel,Non-Protected
"""1121044617682513920""",https://twitter.com/CoitusInterupt2/status/1121044617682513920,"""1120717173054484480""",https://video.twimg.com/ext_tw_video/1120717173054484480/pu/pl/jvzizfk6d9SqOqKa.m3u8?tag=8,"24 Apr 2019 13:33:59","RT @TheRebelTV: #SriLanka #Easter #tcot https://t.co/JXfqrRy5bZ",ReTweet,"Twitter for Android",0,0,"""991558134207414273""","Coitus Interuptus",CoitusInterupt2,Non-Verified,https://twitter.com/CoitusInterupt2,Non-Protected
"""1121039782308663297""",https://twitter.com/mojcav1/status/1121039782308663297,"""1120717173054484480""",https://video.twimg.com/ext_tw_video/1120717173054484480/pu/pl/jvzizfk6d9SqOqKa.m3u8?tag=8,"24 Apr 2019 13:14:46","RT @TheRebelTV: #SriLanka #Easter #tcot https://t.co/JXfqrRy5bZ",ReTweet,"Twitter for Android",0,0,"""909458095411224577""","mojca voƒçko üá∏üáÆ üá∫üá¶",mojcav1,Non-Verified,https://twitter.com/mojcav1,Non-Protected
"""1121020791943041025""",https://twitter.com/RuanoFaxas/status/1121020791943041025,"""1121020011852763141""",https://video.twimg.com/tweet_video/D46pwuiWkAUTMgZ.mp4,"24 Apr 2019 11:59:19","#SriLanka #SemanaSanta #Easter #Terrorismo #Terrorism #ISIS
359 #muertos, 500 heridos. 
9 terroristas suicidas, 1 era mujer, 6 ataques, 3 en hoteles de lujo y 3 en iglesias en #Pascua.
¬øEs el mismo #dios el de #Juda√≠smo #Cristianismo #Islam?
¬øEs el mismo dios el que decide esto? https://t.co/z7HDigsqCk",Reply,"Twitter Web Client",1,0,"""114614332""","Fernando Ruano Faxas",RuanoFaxas,Non-Verified,https://twitter.com/RuanoFaxas,Non-Protected
"""1121001248616935424""",https://twitter.com/kikiclements/status/1121001248616935424,"""1120717173054484480""",https://video.twimg.com/ext_tw_video/1120717173054484480/pu/pl/jvzizfk6d9SqOqKa.m3u8?tag=8,"24 Apr 2019 10:41:39","RT @TheRebelTV: #SriLanka #Easter #tcot https://t.co/JXfqrRy5bZ",ReTweet,"Twitter for iPhone",0,0,"""447628016""",Kiki's,kikiclements,Non-Verified,https://twitter.com/kikiclements,Non-Protected
"""1120962200229691393""",https://twitter.com/_JesusOnline/status/1120962200229691393,"""1120717173054484480""",https://video.twimg.com/ext_tw_video/1120717173054484480/pu/pl/jvzizfk6d9SqOqKa.m3u8?tag=8,"24 Apr 2019 08:06:29","RT @TheRebelTV: #SriLanka #Easter #tcot https://t.co/JXfqrRy5bZ",ReTweet,"Twitter Web Client",0,0,"""1319499762""","Jesus Online",_JesusOnline,Non-Verified,https://twitter.com/_JesusOnline,Non-Protected
"""1120940798458126336""",https://twitter.com/JariNyberg/status/1120940798458126336,"""1120717173054484480""",https://video.twimg.com/ext_tw_video/1120717173054484480/pu/pl/jvzizfk6d9SqOqKa.m3u8?tag=8,"24 Apr 2019 06:41:27","RT @TheRebelTV: #SriLanka #Easter #tcot https://t.co/JXfqrRy5bZ",ReTweet,"Twitter Web Client",0,0,"""1420938582""","Jari Nyberg",JariNyberg,Non-Verified,https://twitter.com/JariNyberg,Non-Protected
"""1120840496602128384""",https://twitter.com/frbissonnette/status/1120840496602128384,"""1120717173054484480""",https://video.twimg.com/ext_tw_video/1120717173054484480/pu/pl/jvzizfk6d9SqOqKa.m3u8?tag=8,"24 Apr 2019 00:02:53","RT @TheRebelTV: #SriLanka #Easter #tcot https://t.co/JXfqrRy5bZ",ReTweet,"Twitter for iPhone",0,0,"""474178244""","Fran√ßois Bissonnette",frbissonnette,Non-Verified,https://twitter.com/frbissonnette,Non-Protected
"""1120808432993353729""",https://twitter.com/darlene_voigt/status/1120808432993353729,"""1120717173054484480""",https://video.twimg.com/ext_tw_video/1120717173054484480/pu/pl/jvzizfk6d9SqOqKa.m3u8?tag=8,"23 Apr 2019 21:55:28","RT @TheRebelTV: #SriLanka #Easter #tcot https://t.co/JXfqrRy5bZ",ReTweet,"Twitter for iPad",0,0,"""1036715768719728640""","Darlene Voigt",darlene_voigt,Non-Verified,https://twitter.com/darlene_voigt,Non-Protected
"""1120803226243227656""",https://twitter.com/BobMorr71780251/status/1120803226243227656,"""1120717173054484480""",https://video.twimg.com/ext_tw_video/1120717173054484480/pu/pl/jvzizfk6d9SqOqKa.m3u8?tag=8,"23 Apr 2019 21:34:47","RT @TheRebelTV: #SriLanka #Easter #tcot https://t.co/JXfqrRy5bZ",ReTweet,"Twitter Web Client",0,0,"""1091440024430747648""","Bob Morrison",BobMorr71780251,Non-Verified,https://twitter.com/BobMorr71780251,Non-Protected
"""1120801557614866432""",https://twitter.com/aavzla/status/1120801557614866432,"""1120717173054484480""",https://video.twimg.com/ext_tw_video/1120717173054484480/pu/pl/jvzizfk6d9SqOqKa.m3u8?tag=8,"23 Apr 2019 21:28:09","RT @TheRebelTV: #SriLanka #Easter #tcot https://t.co/JXfqrRy5bZ",ReTweet,"Twitter for Android",0,0,"""177700663""",aavzla,aavzla,Non-Verified,https://twitter.com/aavzla,Non-Protected
"""1120787246670467073""",https://twitter.com/Al_Bundy_1959/status/1120787246670467073,"""1120717173054484480""",https://video.twimg.com/ext_tw_video/1120717173054484480/pu/pl/jvzizfk6d9SqOqKa.m3u8?tag=8,"23 Apr 2019 20:31:17","RT @TheRebelTV: #SriLanka #Easter #tcot https://t.co/JXfqrRy5bZ",ReTweet,"Twitter for Android",0,0,"""30351711""",David,Al_Bundy_1959,Non-Verified,https://twitter.com/Al_Bundy_1959,Non-Protected
"""1120779584159584262""",https://twitter.com/tony28744580/status/1120779584159584262,"""1120717173054484480""",https://video.twimg.com/ext_tw_video/1120717173054484480/pu/pl/jvzizfk6d9SqOqKa.m3u8?tag=8,"23 Apr 2019 20:00:50","RT @TheRebelTV: #SriLanka #Easter #tcot https://t.co/JXfqrRy5bZ",ReTweet,"Twitter Web App",0,0,"""1084924249016598531""",tony,tony28744580,Non-Verified,https://twitter.com/tony28744580,Non-Protected
"""1120779569232003074""",https://twitter.com/BarryDerks/status/1120779569232003074,"""1120717173054484480""",https://video.twimg.com/ext_tw_video/1120717173054484480/pu/pl/jvzizfk6d9SqOqKa.m3u8?tag=8,"23 Apr 2019 20:00:47","RT @TheRebelTV: #SriLanka #Easter #tcot https://t.co/JXfqrRy5bZ",ReTweet,"Twitter for Android",0,0,"""3252219574""","Barry Derks",BarryDerks,Non-Verified,https://twitter.com/BarryDerks,Non-Protected
"""1120779047313838080""",https://twitter.com/2016Ivotedleave/status/1120779047313838080,"""1120717173054484480""",https://video.twimg.com/ext_tw_video/1120717173054484480/pu/pl/jvzizfk6d9SqOqKa.m3u8?tag=8,"23 Apr 2019 19:58:42","RT @TheRebelTV: #SriLanka #Easter #tcot https://t.co/JXfqrRy5bZ",ReTweet,"Twitter for Android",0,0,"""2877161343""","Enoch Powell üá¨üáßüá¨üáß‚úåüá¨üáßüá¨üáß",2016Ivotedleave,Non-Verified,https://twitter.com/2016Ivotedleave,Non-Protected
"""1120769790866612225""",https://twitter.com/GrtWhiteRaider/status/1120769790866612225,"""1120717173054484480""",https://video.twimg.com/ext_tw_video/1120717173054484480/pu/pl/jvzizfk6d9SqOqKa.m3u8?tag=8,"23 Apr 2019 19:21:55","RT @TheRebelTV: #SriLanka #Easter #tcot https://t.co/JXfqrRy5bZ",ReTweet,"Twitter for iPhone",0,0,"""2964720673""",GreatWhiteRaider,GrtWhiteRaider,Non-Verified,https://twitter.com/GrtWhiteRaider,Non-Protected
"""1120769748428558336""",https://twitter.com/Vasarahammer/status/1120769748428558336,"""1120717173054484480""",https://video.twimg.com/ext_tw_video/1120717173054484480/pu/pl/jvzizfk6d9SqOqKa.m3u8?tag=8,"23 Apr 2019 19:21:45","RT @TheRebelTV: #SriLanka #Easter #tcot https://t.co/JXfqrRy5bZ",ReTweet,"Twitter for iPhone",0,0,"""1627496430""",Vasahammaren,Vasarahammer,Non-Verified,https://twitter.com/Vasarahammer,Non-Protected
"""1120762548037537793""",https://twitter.com/psdp608/status/1120762548037537793,"""1120717173054484480""",https://video.twimg.com/ext_tw_video/1120717173054484480/pu/pl/jvzizfk6d9SqOqKa.m3u8?tag=8,"23 Apr 2019 18:53:08","RT @TheRebelTV: #SriLanka #Easter #tcot https://t.co/JXfqrRy5bZ",ReTweet,"Twitter Web Client",0,0,"""38032534""","Soylent Green - ‚ÄúThey Live We Sleep‚Äù",psdp608,Non-Verified,https://twitter.com/psdp608,Non-Protected
"""1120757518249136128""",https://twitter.com/johniri24537883/status/1120757518249136128,"""1120717173054484480""",https://video.twimg.com/ext_tw_video/1120717173054484480/pu/pl/jvzizfk6d9SqOqKa.m3u8?tag=8,"23 Apr 2019 18:33:09","RT @TheRebelTV: #SriLanka #Easter #tcot https://t.co/JXfqrRy5bZ",ReTweet,"Twitter for Android",0,0,"""1069689465654964226""",",,,,,,,,,,,,,,,,,",johniri24537883,Non-Verified,https://twitter.com/johniri24537883,Non-Protected
"""1120757160009437184""",https://twitter.com/LilCliffDweller/status/1120757160009437184,"""1120717173054484480""",https://video.twimg.com/ext_tw_video/1120717173054484480/pu/pl/jvzizfk6d9SqOqKa.m3u8?tag=8,"23 Apr 2019 18:31:44","RT @TheRebelTV: #SriLanka #Easter #tcot https://t.co/JXfqrRy5bZ",ReTweet,"Twitter for iPhone",0,0,"""279653199""",H47,LilCliffDweller,Non-Verified,https://twitter.com/LilCliffDweller,Non-Protected
"""1120754598875152386""",https://twitter.com/loubardias/status/1120754598875152386,"""1120717173054484480""",https://video.twimg.com/ext_tw_video/1120717173054484480/pu/pl/jvzizfk6d9SqOqKa.m3u8?tag=8,"23 Apr 2019 18:21:33","RT @TheRebelTV: #SriLanka #Easter #tcot https://t.co/JXfqrRy5bZ",ReTweet,"Twitter for Android",0,0,"""2450630304""","Jimmy Lumbego",loubardias,Non-Verified,https://twitter.com/loubardias,Non-Protected
"""1120749533560856576""",https://twitter.com/Iam_Varna/status/1120749533560856576,"""1120739337430126594""",https://video.twimg.com/ext_tw_video/1120739337430126594/pu/vid/640x360/BJM7PJwySB8xVmvv.mp4?tag=8,"23 Apr 2019 18:01:25","RT @AlbertBatlayeri: #BREAKING : #NTJ alliance with #ISIS on #SriLanka's #Easter bombs attack. https://t.co/ygHB8w5ogx",ReTweet,"Twitter for Android",0,0,"""172629896""","Varna Ji",Iam_Varna,Non-Verified,https://twitter.com/Iam_Varna,Non-Protected
"""1120749424701997057""",https://twitter.com/cdn_auto_dream/status/1120749424701997057,"""1120717173054484480""",https://video.twimg.com/ext_tw_video/1120717173054484480/pu/pl/jvzizfk6d9SqOqKa.m3u8?tag=8,"23 Apr 2019 18:01:00","RT @TheRebelTV: #SriLanka #Easter #tcot https://t.co/JXfqrRy5bZ",ReTweet,"Twitter for iPhone",0,0,"""783014294157824000""","Cdn Auto Enthusiast",cdn_auto_dream,Non-Verified,https://twitter.com/cdn_auto_dream,Non-Protected
"""1120747930288308226""",https://twitter.com/Leehamnoon/status/1120747930288308226,"""1120717173054484480""",https://video.twimg.com/ext_tw_video/1120717173054484480/pu/pl/jvzizfk6d9SqOqKa.m3u8?tag=8,"23 Apr 2019 17:55:03","RT @TheRebelTV: #SriLanka #Easter #tcot https://t.co/JXfqrRy5bZ",ReTweet,"Twitter for iPhone",0,0,"""782685475""",ÓÑåüî±,Leehamnoon,Non-Verified,https://twitter.com/Leehamnoon,Non-Protected
"""1120746877727776769""",https://twitter.com/EgelandLiv/status/1120746877727776769,"""1120717173054484480""",https://video.twimg.com/ext_tw_video/1120717173054484480/pu/pl/jvzizfk6d9SqOqKa.m3u8?tag=8,"23 Apr 2019 17:50:52","RT @TheRebelTV: #SriLanka #Easter #tcot https://t.co/JXfqrRy5bZ",ReTweet,"Twitter for iPad",0,0,"""1045249947082395648""","liv egeland",EgelandLiv,Non-Verified,https://twitter.com/EgelandLiv,Non-Protected
"""1120740782330171392""",https://twitter.com/AlbertBatlayeri/status/1120740782330171392,"""1120739337430126594""",https://video.twimg.com/ext_tw_video/1120739337430126594/pu/vid/640x360/BJM7PJwySB8xVmvv.mp4?tag=8,"23 Apr 2019 17:26:39","#BREAKING : #NTJ alliance with #ISIS on #SriLanka's #Easter bombs attack. https://t.co/ygHB8w5ogx",Tweet,"Twitter Web Client",2,1,"""225002807""","Albert Batlayeriüë•",AlbertBatlayeri,Non-Verified,https://twitter.com/AlbertBatlayeri,Non-Protected
"""1120739968836493312""",https://twitter.com/arschaerer/status/1120739968836493312,"""1120717173054484480""",https://video.twimg.com/ext_tw_video/1120717173054484480/pu/pl/jvzizfk6d9SqOqKa.m3u8?tag=8,"23 Apr 2019 17:23:25","RT @TheRebelTV: #SriLanka #Easter #tcot https://t.co/JXfqrRy5bZ",ReTweet,"Twitter for Android",0,0,"""1583559534""",Alex,arschaerer,Non-Verified,https://twitter.com/arschaerer,Non-Protected
"""1120739489515577344""",https://twitter.com/MaximusPlaid/status/1120739489515577344,"""1120717173054484480""",https://video.twimg.com/ext_tw_video/1120717173054484480/pu/pl/jvzizfk6d9SqOqKa.m3u8?tag=8,"23 Apr 2019 17:21:31","RT @TheRebelTV: #SriLanka #Easter #tcot https://t.co/JXfqrRy5bZ",ReTweet,"Twitter for iPhone",0,0,"""741057478335434753""","Max Plaid",MaximusPlaid,Non-Verified,https://twitter.com/MaximusPlaid,Non-Protected
"""1120738270298746881""",https://twitter.com/IgwtFaith/status/1120738270298746881,"""1120717173054484480""",https://video.twimg.com/ext_tw_video/1120717173054484480/pu/pl/jvzizfk6d9SqOqKa.m3u8?tag=8,"23 Apr 2019 17:16:40","RT @TheRebelTV: #SriLanka #Easter #tcot https://t.co/JXfqrRy5bZ",ReTweet,"Twitter for iPhone",0,0,"""1032665540""",faith,IgwtFaith,Non-Verified,https://twitter.com/IgwtFaith,Non-Protected
"""1120737796929593344""",https://twitter.com/AntiEU2/status/1120737796929593344,"""1120717173054484480""",https://video.twimg.com/ext_tw_video/1120717173054484480/pu/pl/jvzizfk6d9SqOqKa.m3u8?tag=8,"23 Apr 2019 17:14:47","RT @TheRebelTV: #SriLanka #Easter #tcot https://t.co/JXfqrRy5bZ",ReTweet,"Twitter Web App",0,0,"""4736046826""",Anti-EU,AntiEU2,Non-Verified,https://twitter.com/AntiEU2,Non-Protected
"""1120730797143674880""",https://twitter.com/papa_graham/status/1120730797143674880,"""1120717173054484480""",https://video.twimg.com/ext_tw_video/1120717173054484480/pu/pl/jvzizfk6d9SqOqKa.m3u8?tag=8,"23 Apr 2019 16:46:58","RT @TheRebelTV: #SriLanka #Easter #tcot https://t.co/JXfqrRy5bZ",ReTweet,"Twitter for iPhone",0,0,"""287616055""","Martin Graham",papa_graham,Non-Verified,https://twitter.com/papa_graham,Non-Protected
"""1120730097277734912""",https://twitter.com/EdWhitehorse/status/1120730097277734912,"""1120717173054484480""",https://video.twimg.com/ext_tw_video/1120717173054484480/pu/pl/jvzizfk6d9SqOqKa.m3u8?tag=8,"23 Apr 2019 16:44:12","RT @TheRebelTV: #SriLanka #Easter #tcot https://t.co/JXfqrRy5bZ",ReTweet,"Twitter Web Client",0,0,"""3018602340""","Ed George Whitehorse",EdWhitehorse,Non-Verified,https://twitter.com/EdWhitehorse,Non-Protected
"""1120726202787012608""",https://twitter.com/GagneRenaud/status/1120726202787012608,"""1120717173054484480""",https://video.twimg.com/ext_tw_video/1120717173054484480/pu/pl/jvzizfk6d9SqOqKa.m3u8?tag=8,"23 Apr 2019 16:28:43","RT @TheRebelTV: #SriLanka #Easter #tcot https://t.co/JXfqrRy5bZ",ReTweet,"Twitter Web Client",0,0,"""497305362""","Renaud Gagne",GagneRenaud,Non-Verified,https://twitter.com/GagneRenaud,Non-Protected
"""1120726149812744193""",https://twitter.com/rosannaanisi1/status/1120726149812744193,"""1120717173054484480""",https://video.twimg.com/ext_tw_video/1120717173054484480/pu/pl/jvzizfk6d9SqOqKa.m3u8?tag=8,"23 Apr 2019 16:28:30","RT @TheRebelTV: #SriLanka #Easter #tcot https://t.co/JXfqrRy5bZ",ReTweet,"Twitter for iPhone",0,0,"""4152835223""",Rosanna,rosannaanisi1,Non-Verified,https://twitter.com/rosannaanisi1,Non-Protected
"""1120725150155051008""",https://twitter.com/OskarBra61/status/1120725150155051008,"""1120717173054484480""",https://video.twimg.com/ext_tw_video/1120717173054484480/pu/pl/jvzizfk6d9SqOqKa.m3u8?tag=8,"23 Apr 2019 16:24:32","RT @TheRebelTV: #SriLanka #Easter #tcot https://t.co/JXfqrRy5bZ",ReTweet,"Twitter for Android",0,0,"""1026589865000022016""","Oskar #VotoAudit√°velJ√Å üñ®",OskarBra61,Non-Verified,https://twitter.com/OskarBra61,Non-Protected
"""1120724514575454208""",https://twitter.com/Sovereign_0ne/status/1120724514575454208,"""1120717173054484480""",https://video.twimg.com/ext_tw_video/1120717173054484480/pu/pl/jvzizfk6d9SqOqKa.m3u8?tag=8,"23 Apr 2019 16:22:00","RT @TheRebelTV: #SriLanka #Easter #tcot https://t.co/JXfqrRy5bZ",ReTweet,"Twitter for iPhone",0,0,"""953613949550800898""",Riz,Sovereign_0ne,Non-Verified,https://twitter.com/Sovereign_0ne,Non-Protected
"""1120724039079792641""",https://twitter.com/bigedd63/status/1120724039079792641,"""1120717173054484480""",https://video.twimg.com/ext_tw_video/1120717173054484480/pu/pl/jvzizfk6d9SqOqKa.m3u8?tag=8,"23 Apr 2019 16:20:07","RT @TheRebelTV: #SriLanka #Easter #tcot https://t.co/JXfqrRy5bZ",ReTweet,"Twitter for iPhone",0,0,"""324625408""","Eddie  Bradley",bigedd63,Non-Verified,https://twitter.com/bigedd63,Non-Protected
"""1120723865527889926""",https://twitter.com/49Maura/status/1120723865527889926,"""1120717173054484480""",https://video.twimg.com/ext_tw_video/1120717173054484480/pu/pl/jvzizfk6d9SqOqKa.m3u8?tag=8,"23 Apr 2019 16:19:26","RT @TheRebelTV: #SriLanka #Easter #tcot https://t.co/JXfqrRy5bZ",ReTweet,"Twitter Web App",0,0,"""1244044213""","Maureen O'Leary",49Maura,Non-Verified,https://twitter.com/49Maura,Non-Protected
"""1120723352883089414""",https://twitter.com/CalgaryLife1/status/1120723352883089414,"""1120717173054484480""",https://video.twimg.com/ext_tw_video/1120717173054484480/pu/pl/jvzizfk6d9SqOqKa.m3u8?tag=8,"23 Apr 2019 16:17:24","RT @TheRebelTV: #SriLanka #Easter #tcot https://t.co/JXfqrRy5bZ",ReTweet,"Twitter for iPhone",0,0,"""1057315971365404672""",CalgaryLife,CalgaryLife1,Non-Verified,https://twitter.com/CalgaryLife1,Non-Protected
"""1120723247773908993""",https://twitter.com/Rarame/status/1120723247773908993,"""1120717173054484480""",https://video.twimg.com/ext_tw_video/1120717173054484480/pu/pl/jvzizfk6d9SqOqKa.m3u8?tag=8,"23 Apr 2019 16:16:58","RT @TheRebelTV: #SriLanka #Easter #tcot https://t.co/JXfqrRy5bZ",ReTweet,"Twitter for iPhone",0,0,"""37444295""","Criticaster des Vaderlands",Rarame,Non-Verified,https://twitter.com/Rarame,Non-Protected
"""1120723208787959808""",https://twitter.com/emma_emmzybaby/status/1120723208787959808,"""1120717173054484480""",https://video.twimg.com/ext_tw_video/1120717173054484480/pu/pl/jvzizfk6d9SqOqKa.m3u8?tag=8,"23 Apr 2019 16:16:49","RT @TheRebelTV: #SriLanka #Easter #tcot https://t.co/JXfqrRy5bZ",ReTweet,"Twitter for iPhone",0,0,"""904782126""","Emma Smith",emma_emmzybaby,Non-Verified,https://twitter.com/emma_emmzybaby,Non-Protected
"""1120722276218023936""",https://twitter.com/trebor199/status/1120722276218023936,"""1120717173054484480""",https://video.twimg.com/ext_tw_video/1120717173054484480/pu/pl/jvzizfk6d9SqOqKa.m3u8?tag=8,"23 Apr 2019 16:13:07","RT @TheRebelTV: #SriLanka #Easter #tcot https://t.co/JXfqrRy5bZ",ReTweet,"Twitter for Android",0,0,"""217899318""",Trevüá¨üáß‚ùå,trebor199,Non-Verified,https://twitter.com/trebor199,Non-Protected
"""1120721126194405377""",https://twitter.com/pranai0210/status/1120721126194405377,"""1120717173054484480""",https://video.twimg.com/ext_tw_video/1120717173054484480/pu/pl/jvzizfk6d9SqOqKa.m3u8?tag=8,"23 Apr 2019 16:08:33","RT @TheRebelTV: #SriLanka #Easter #tcot https://t.co/JXfqrRy5bZ",ReTweet,"Twitter Web App",0,0,"""2910577903""",kp,pranai0210,Non-Verified,https://twitter.com/pranai0210,Non-Protected
"""1120721070926049280""",https://twitter.com/sallyanne591/status/1120721070926049280,"""1120717173054484480""",https://video.twimg.com/ext_tw_video/1120717173054484480/pu/pl/jvzizfk6d9SqOqKa.m3u8?tag=8,"23 Apr 2019 16:08:19","RT @TheRebelTV: #SriLanka #Easter #tcot https://t.co/JXfqrRy5bZ",ReTweet,"Twitter for iPhone",0,0,"""1037385743344312321""",sallyanne59,sallyanne591,Non-Verified,https://twitter.com/sallyanne591,Non-Protected
"""1120721060469645314""",https://twitter.com/Fosgate1337/status/1120721060469645314,"""1120717173054484480""",https://video.twimg.com/ext_tw_video/1120717173054484480/pu/pl/jvzizfk6d9SqOqKa.m3u8?tag=8,"23 Apr 2019 16:08:17","RT @TheRebelTV: #SriLanka #Easter #tcot https://t.co/JXfqrRy5bZ",ReTweet,"Twitter for iPhone",0,0,"""901618905076174848""",Fosgate,Fosgate1337,Non-Verified,https://twitter.com/Fosgate1337,Non-Protected
"""1120720986263961600""",https://twitter.com/Ex_Sm3/status/1120720986263961600,"""1120717173054484480""",https://video.twimg.com/ext_tw_video/1120717173054484480/pu/pl/jvzizfk6d9SqOqKa.m3u8?tag=8,"23 Apr 2019 16:07:59","RT @TheRebelTV: #SriLanka #Easter #tcot https://t.co/JXfqrRy5bZ",ReTweet,"Twitter Web Client",0,0,"""99104555""",Ian_J,Ex_Sm3,Non-Verified,https://twitter.com/Ex_Sm3,Non-Protected
"""1120720977623683074""",https://twitter.com/xlink_k/status/1120720977623683074,"""1120717173054484480""",https://video.twimg.com/ext_tw_video/1120717173054484480/pu/pl/jvzizfk6d9SqOqKa.m3u8?tag=8,"23 Apr 2019 16:07:57","RT @TheRebelTV: #SriLanka #Easter #tcot https://t.co/JXfqrRy5bZ",ReTweet,"Twitter Web Client",0,0,"""826167368921473025""",XlinkK,xlink_k,Non-Verified,https://twitter.com/xlink_k,Non-Protected
"""1120720744382652421""",https://twitter.com/Reesie75/status/1120720744382652421,"""1120717173054484480""",https://video.twimg.com/ext_tw_video/1120717173054484480/pu/pl/jvzizfk6d9SqOqKa.m3u8?tag=8,"23 Apr 2019 16:07:02","RT @TheRebelTV: #SriLanka #Easter #tcot https://t.co/JXfqrRy5bZ",ReTweet,"Twitter for iPhone",0,0,"""522439340""","Wayne Reese",Reesie75,Non-Verified,https://twitter.com/Reesie75,Non-Protected
"""1120720583011065856""",https://twitter.com/Rumblerx3/status/1120720583011065856,"""1120717173054484480""",https://video.twimg.com/ext_tw_video/1120717173054484480/pu/pl/jvzizfk6d9SqOqKa.m3u8?tag=8,"23 Apr 2019 16:06:23","RT @TheRebelTV: #SriLanka #Easter #tcot https://t.co/JXfqrRy5bZ",ReTweet,"Twitter Web App",0,0,"""720216283346833408""",JonathanM,Rumblerx3,Non-Verified,https://twitter.com/Rumblerx3,Non-Protected
"""1120720545748803585""",https://twitter.com/orion_penticton/status/1120720545748803585,"""1120717173054484480""",https://video.twimg.com/ext_tw_video/1120717173054484480/pu/pl/jvzizfk6d9SqOqKa.m3u8?tag=8,"23 Apr 2019 16:06:14","RT @TheRebelTV: #SriLanka #Easter #tcot https://t.co/JXfqrRy5bZ",ReTweet,"Twitter for Android",0,0,"""1024598382""","Rein Willemsen",orion_penticton,Non-Verified,https://twitter.com/orion_penticton,Non-Protected
"""1120719717696724992""",https://twitter.com/CharlieLight14/status/1120719717696724992,"""1120717173054484480""",https://video.twimg.com/ext_tw_video/1120717173054484480/pu/pl/jvzizfk6d9SqOqKa.m3u8?tag=8,"23 Apr 2019 16:02:57","RT @TheRebelTV: #SriLanka #Easter #tcot https://t.co/JXfqrRy5bZ",ReTweet,"Twitter for Android",0,0,"""1090368754456891393""","Charlie Light",CharlieLight14,Non-Verified,https://twitter.com/CharlieLight14,Non-Protected
"""1120719577929981953""",https://twitter.com/janemarie7650/status/1120719577929981953,"""1120717173054484480""",https://video.twimg.com/ext_tw_video/1120717173054484480/pu/pl/jvzizfk6d9SqOqKa.m3u8?tag=8,"23 Apr 2019 16:02:23","RT @TheRebelTV: #SriLanka #Easter #tcot https://t.co/JXfqrRy5bZ",ReTweet,"Twitter for iPad",0,0,"""66659146""","Jane-Marie Vilhj√°lmsd√≥ttir üíü üë©üèª‚Äçü¶Ω",janemarie7650,Non-Verified,https://twitter.com/janemarie7650,Non-Protected
"""1120719507964739584""",https://twitter.com/daytripper55/status/1120719507964739584,"""1120717173054484480""",https://video.twimg.com/ext_tw_video/1120717173054484480/pu/pl/jvzizfk6d9SqOqKa.m3u8?tag=8,"23 Apr 2019 16:02:07","RT @TheRebelTV: #SriLanka #Easter #tcot https://t.co/JXfqrRy5bZ",ReTweet,"Twitter Web Client",0,0,"""359587187""",MYM,daytripper55,Non-Verified,https://twitter.com/daytripper55,Non-Protected
"""1120719211523796993""",https://twitter.com/raginrightie/status/1120719211523796993,"""1120717173054484480""",https://video.twimg.com/ext_tw_video/1120717173054484480/pu/pl/jvzizfk6d9SqOqKa.m3u8?tag=8,"23 Apr 2019 16:00:56","RT @TheRebelTV: #SriLanka #Easter #tcot https://t.co/JXfqrRy5bZ",ReTweet,"Twitter Web App",0,0,"""85831301""","Teresa McBride",raginrightie,Non-Verified,https://twitter.com/raginrightie,Non-Protected
"""1120719114501275651""",https://twitter.com/bifinho/status/1120719114501275651,"""1120717173054484480""",https://video.twimg.com/ext_tw_video/1120717173054484480/pu/pl/jvzizfk6d9SqOqKa.m3u8?tag=8,"23 Apr 2019 16:00:33","RT @TheRebelTV: #SriLanka #Easter #tcot https://t.co/JXfqrRy5bZ",ReTweet,"Twitter for Android",0,0,"""1888707506""","Ra√≠ssa ü¶ä",bifinho,Non-Verified,https://twitter.com/bifinho,Non-Protected
"""1120718344049635328""",https://twitter.com/MarkAndrewBren1/status/1120718344049635328,"""1120717173054484480""",https://video.twimg.com/ext_tw_video/1120717173054484480/pu/pl/jvzizfk6d9SqOqKa.m3u8?tag=8,"23 Apr 2019 15:57:29","RT @TheRebelTV: #SriLanka #Easter #tcot https://t.co/JXfqrRy5bZ",ReTweet,"Twitter for Android",0,0,"""1047441951090507778""","Mark Andrew Brennan",MarkAndrewBren1,Non-Verified,https://twitter.com/MarkAndrewBren1,Non-Protected
"""1120718076817940480""",https://twitter.com/PattyPmb37/status/1120718076817940480,"""1120717173054484480""",https://video.twimg.com/ext_tw_video/1120717173054484480/pu/pl/jvzizfk6d9SqOqKa.m3u8?tag=8,"23 Apr 2019 15:56:26","RT @TheRebelTV: #SriLanka #Easter #tcot https://t.co/JXfqrRy5bZ",ReTweet,"Twitter for iPhone",0,0,"""743570279650066432""","Patty Basham",PattyPmb37,Non-Verified,https://twitter.com/PattyPmb37,Non-Protected
"""1120717666556293121""",https://twitter.com/gattoangelino/status/1120717666556293121,"""1120717173054484480""",https://video.twimg.com/ext_tw_video/1120717173054484480/pu/pl/jvzizfk6d9SqOqKa.m3u8?tag=8,"23 Apr 2019 15:54:48","RT @TheRebelTV: #SriLanka #Easter #tcot https://t.co/JXfqrRy5bZ",ReTweet,"Twitter for Android",0,0,"""774158671844519941""","Lotte Muntzing",gattoangelino,Non-Verified,https://twitter.com/gattoangelino,Non-Protected
"""1120717540655804416""",https://twitter.com/rashnok/status/1120717540655804416,"""1120717173054484480""",https://video.twimg.com/ext_tw_video/1120717173054484480/pu/pl/jvzizfk6d9SqOqKa.m3u8?tag=8,"23 Apr 2019 15:54:18","RT @TheRebelTV: #SriLanka #Easter #tcot https://t.co/JXfqrRy5bZ",ReTweet,"Twitter Web App",0,0,"""483288555""",Rashnok,rashnok,Non-Verified,https://twitter.com/rashnok,Non-Protected
"""1120717513619329024""",https://twitter.com/CutCBC/status/1120717513619329024,"""1120717173054484480""",https://video.twimg.com/ext_tw_video/1120717173054484480/pu/pl/jvzizfk6d9SqOqKa.m3u8?tag=8,"23 Apr 2019 15:54:11","#SriLanka #Easter #tcot https://t.co/U311SKX17K

‚Äî The Rebel (TheRebelTV) April 23, 2019",Tweet,IFTTT,0,0,"""39093148""",#CutCBC,CutCBC,Non-Verified,https://twitter.com/CutCBC,Non-Protected
"""1120717285864419333""",https://twitter.com/RebelNewsOnline/status/1120717285864419333,"""1120717173054484480""",https://video.twimg.com/ext_tw_video/1120717173054484480/pu/pl/jvzizfk6d9SqOqKa.m3u8?tag=8,"23 Apr 2019 15:53:17","#SriLanka #Easter #tcot https://t.co/JXfqrRy5bZ",Tweet,eClincher,71,76,"""3018960919""","Rebel News",RebelNewsOnline,Verified,https://twitter.com/RebelNewsOnline,Non-Protected
"""1120702386908139520""",https://twitter.com/RebeccaRambar/status/1120702386908139520,"""1120702290611068930""",https://video.twimg.com/ext_tw_video/1120702290611068930/pu/vid/608x1080/CSmNjMoTZvioWClj.mp4?tag=8,"23 Apr 2019 14:54:05","#SriLanka Une vid√©o montre un des auteurs pr√©sum√©s des attentats qui sont √† l'origine des explosion du dimanche de #Paques, dans laquelle plus de 321 personnes sont mortes 
#Easter #paques2019 #Colombo #SriLankaAttacks #SriLankaBlasts #EI #ISIS #Daesh https://t.co/D83oEBcoi9",Reply,TweetDeck,6,1,"""861614085275865088""","Rebecca Rambar",RebeccaRambar,Non-Verified,https://twitter.com/RebeccaRambar,Non-Protected
"""1120694768911233030""",https://twitter.com/GalJammuDi/status/1120694768911233030,"""1120690913544671232""",https://video.twimg.com/ext_tw_video/1120690913544671232/pu/vid/400x220/0TIHoqAw_74Mu34s.mp4?tag=8,"23 Apr 2019 14:23:49","video of suicide bomber  in #Colombo, #Srilanka blast when an Islamic Terror group targeted Christian Churches on #easter and hotels where tourists were staying #SriLankaBlasts  #PrayForSriLanka #srilankaterrorattack #Easter #shrilanka   #EasterSundayAttacksLK #EasterAttackSL https://t.co/8d41mIQmRf",Tweet,"Twitter for Android",2,1,"""1000729779807506432""","Gal Jammu Di",GalJammuDi,Non-Verified,https://twitter.com/GalJammuDi,Non-Protected
"""1120663577784832007""",https://twitter.com/GalJammuDi/status/1120663577784832007,"""1120663348666724352""",https://video.twimg.com/ext_tw_video/1120663348666724352/pu/vid/224x400/GGOVVlnFSjzUL1iZ.mp4?tag=8,"23 Apr 2019 12:19:52","Another video of Blast  in #Colombo, #Srilanka When an Islamic Terror group targeted Christian Churches and hotels where tourists were staying in. #SriLankaBlasts  #PrayForSriLanka #srilankaterrorattack #Easter #terrorattack #shrilanka 
#ISIS claimed the responsibility. https://t.co/U821st524I",Tweet,"Twitter for Android",0,0,"""1000729779807506432""","Gal Jammu Di",GalJammuDi,Non-Verified,https://twitter.com/GalJammuDi,Non-Protected
"""1120662347515875330""",https://twitter.com/GottaBigMouth/status/1120662347515875330,"""1120662156985475072""",https://video.twimg.com/ext_tw_video/1120662156985475072/pu/vid/320x658/L5qqsiltI-H6TeiJ.mp4?tag=8,"23 Apr 2019 12:14:59","Happy #Easter all. A mixture of news following the horrible attacks on #christians in #SriLanka a comedian in #Ukraine has become president?! Strange world. #SriLankaAttacks #VolodymyrZelensky #TuesdayMotivation #TuesdayMorning #tuesdaythoughts #SriLankaBombings #politics #ISIS https://t.co/j14rqDvZUa",Tweet,"Twitter for Android",0,0,"""886628090696388608""",GottaBigMouthüòÇüëè,GottaBigMouth,Non-Verified,https://twitter.com/GottaBigMouth,Non-Protected
"""1120645545419137024""",https://twitter.com/thandojo/status/1120645545419137024,"""1120645267043131392""",https://video.twimg.com/ext_tw_video/1120645267043131392/pu/pl/l9E8gg8aTdDUT7QS.m3u8?tag=8,"23 Apr 2019 11:08:13","Horrifying moment a white van explodes in a fireball in #SriLanka as police try to defuse 3 bombs inside it a day after #Easter Sunday terror attack
No injuries reported but further blast on Monday has heightened fears of still-undiscovered explosives on the streets of #Colombo https://t.co/Cmvpa0Lovl",Tweet,"Twitter Web Client",0,1,"""1376011723""","Hans Solo",thandojo,Non-Verified,https://twitter.com/thandojo,Non-Protected
"""1120614764495933440""",https://twitter.com/France24_en/status/1120614764495933440,"""1120614432453873665""",https://video.twimg.com/ext_tw_video/1120614432453873665/pu/vid/320x180/Dcax9ISYYYW_BocH.mp4?tag=8,"23 Apr 2019 09:05:54","#SriLanka #Easter Terror attacks: ""A lot of people here are asking the question, why this intelligence failure?"". @FRANCE24's @MandakiniGahlot reports from #Negombo ‚¨á https://t.co/n02DGT4pwK",Reply,"Twitter Web Client",16,18,"""25049056""","FRANCE 24 English",France24_en,Verified,https://twitter.com/France24_en,Non-Protected
"""1120606968006217729""",https://twitter.com/France24_en/status/1120606968006217729,"""1120605849087610880""",https://video.twimg.com/amplify_video/1120605849087610880/vid/1280x720/YoAz_xj_TMeQ4B1v.mp4?tag=11,"23 Apr 2019 08:34:55","#SriLanka #Easter Terror attacks: Government imposes state of emergency.
Read more ‚û° https://t.co/qsWZ9hCCko https://t.co/iURFb3DUh5",Tweet,"Twitter Media Studio",16,19,"""25049056""","FRANCE 24 English",France24_en,Verified,https://twitter.com/France24_en,Non-Protected
"""1120427117576060929""",https://twitter.com/BundySzabo/status/1120427117576060929,"""1120427066049085442""",https://video.twimg.com/tweet_video/D4yOevSWwAIHNi5.mp4,"22 Apr 2019 20:40:16","@JustinTrudeau YEP SAD! and YOUR @CBC celebrated the convicted terrorist who murdered a US soldier. Christopher Speer‚Äôs killer #OmarKhadr  was invited on #Canadian state television #CBC #TLMEP to a CHEERING crowd?! on #Easter amid #Terrorists attack in #SriLanka ONLY in Canada... https://t.co/bCz61c1Lmj",Reply,"Twitter Web Client",1,1,"""498232945""",Kleerkut,BundySzabo,Non-Verified,https://twitter.com/BundySzabo,Non-Protected
"""1120411206601277440""",https://twitter.com/becometheknight/status/1120411206601277440,"""1120411076825366536""",https://video.twimg.com/ext_tw_video/1120411076825366536/pu/vid/318x180/GRZFBWbqXDGgBkx8.mp4?tag=8,"22 Apr 2019 19:37:02","I want to do another charity live stream to help the victims in Sri Lanka. Y'all want to help with me?

#progmetal #progressiverock #progressivemetal #progrock #charity #live #livestream #srilanka #easter https://t.co/PV7emN8yHm",Tweet,"Twitter for Android",4,46,"""3003993376""","Become The Knight",becometheknight,Non-Verified,https://twitter.com/becometheknight,Non-Protected
"""1120394615411150848""",https://twitter.com/apachasian/status/1120394615411150848,"""1120394605848137734""",https://video.twimg.com/tweet_video/D4xw9TnXkAYd0vH.mp4,"22 Apr 2019 18:31:06","@EvanAKilgore This is disgusting. ""CHRISTIANS""!!!! Not ""Easter Worshippers"" ....smh. Praying for SriLanka. üôèüôè
 #SriLanka #Christians #EasterWorshippers #whatintheworld #WalkAwayFromDemocrats #WalkAwayFromTheDemocrats #WakeUpAmerica #easter #terrible #GreatAwakening https://t.co/3nFWvkONOW",Reply,"Twitter for Android",0,0,"""1059117304632360961""",@pachasian,apachasian,Non-Verified,https://twitter.com/apachasian,Non-Protected
"""1120366999371046912""",https://twitter.com/samaydhara/status/1120366999371046912,"""1120366136917409792""",https://video.twimg.com/ext_tw_video/1120366136917409792/pu/vid/220x180/4dzQKMdbblva8Ahv.mp4?tag=8,"22 Apr 2019 16:41:22","#Easter ‡§™‡§∞ ‡§π‡•Å‡§è ‡§≠‡•Ä‡§∑‡§£ ‡§¨‡§Æ ‡§¨‡•ç‡§≤‡§æ‡§∏‡•ç‡§ü,125‡§∏‡•á ‡§ú‡•ç‡§Ø‡§æ‡§¶‡§æ ‡§ï‡•Ä ‡§Æ‡•å‡§§,‡§ï‡§à ‡§ò‡§æ‡§Ø‡§≤- ‡§¶‡•á‡§ñ‡•á‡§Ç ‡§µ‡•Ä‡§°‡§ø‡§Ø‡•ã 
@samaydhara #samaydhara #EasterAttackLK #SriLankaAttacks #SriLanka #SriLankaBlasts #SriLankaBlast https://t.co/HT4meivf7E",Tweet,"Twitter Web Client",0,1,"""771807561821655040""",Samaydhara,samaydhara,Non-Verified,https://twitter.com/samaydhara,Non-Protected
"""1120323289317040130""",https://twitter.com/rphoff/status/1120323289317040130,"""1119948687172567040""",https://video.twimg.com/ext_tw_video/1119948687172567040/pu/vid/720x1280/vwQCGqD1oAAGRJFx.mp4?tag=8,"22 Apr 2019 13:47:41","RT @RosaryMysteries: Christ is Risen, Truly, He is Risen‚Äù #Christ #Easter #Galilee #Srilanka https://t.co/J3971bwjnk",ReTweet,"Twitter for Android",0,0,"""391845440""","Randy H. Deplorable‚≠ê‚≠ê‚≠ê",rphoff,Non-Verified,https://twitter.com/rphoff,Non-Protected
"""1120300228429733889""",https://twitter.com/LileStarseed/status/1120300228429733889,"""1120271687000428544""",https://video.twimg.com/ext_tw_video/1120271687000428544/pu/vid/640x360/yGpCBZuxv_XOXWQY.mp4?tag=8,"22 Apr 2019 12:16:03","‚ÜïÔ∏è
La #sinistra liberal non riesce nemmeno a pronunciare la parola ¬´#cristiani¬ª di fronte al massacro nelle ‚õ™ in #SriLanka 
https://t.co/EDBE7439PT

#WWG1WGA #EarthDay #SriLankaAttacks #QAnon #TheGreatAwakening #Easter #Europee2019 #ItalianDeepState #Italy #SpyGate #Fuoridalcoro",Reply,"Twitter for Android",1,0,"""1084834905396310016""","Lile Starseed",LileStarseed,Non-Verified,https://twitter.com/LileStarseed,Non-Protected
"""1120297524563193856""",https://twitter.com/HoneyBadgerRulz/status/1120297524563193856,"""1120296636637503488""",https://video.twimg.com/ext_tw_video/1120296636637503488/pu/pl/2Jl3y4AEmpLiGVzr.m3u8?tag=8,"22 Apr 2019 12:05:18","Full Video : Special Task Force trying to defuse the bomb then it exploded!

Police(STF) says it was a controlled explosion near Anthony‚Äôs Church.

#SriLanka #EasterAttackSL #bombing #EasterSundayAttacksLK #TerrorAttacks #colombo #explosions #easter https://t.co/m4HLHODQs2",Reply,"Twitter for iPhone",13,14,"""3243547586""","Honey Badger",HoneyBadgerRulz,Non-Verified,https://twitter.com/HoneyBadgerRulz,Non-Protected
"""1120295072317071365""",https://twitter.com/Suman57574056/status/1120295072317071365,"""1119830000281079808""",https://video.twimg.com/ext_tw_video/1119830000281079808/pu/vid/640x360/xvEwlf4UT1W634lP.mp4?tag=8,"22 Apr 2019 11:55:33","#SriLanka ‡§ï‡•á ‡§á‡§∏ ‡§¶‡•Å‡§ñ‡§¶‡§æ‡§Ø‡•Ä ‡§ò‡§ü‡§®‡§æ ‡§ï‡•á ‡§ï‡§∑‡•ç‡§ü ‡§∏‡•á ‡§®‡§ø‡§µ‡§æ‡§∞‡§£ ‡§ï‡•á ‡§≤‡§ø‡§è ‡§π‡§Æ‡•á #‡§ú‡•Ä‡§®‡•á_‡§ï‡•Ä_‡§∞‡§æ‡§π ‡§™‡•Å‡§∏‡•ç‡§§‡§ï ‡§™‡§¢‡§º‡§®‡•Ä ‡§ö‡§æ‡§π‡§ø‡§è‡•§
#easter
https://t.co/uvoTNiUBq5",Tweet,"Twitter for Android",2,1,"""970893309286612995""","Suman Devi",Suman57574056,Non-Verified,https://twitter.com/Suman57574056,Non-Protected
"""1120294497089404928""",https://twitter.com/EconomicTimes/status/1120294497089404928,"""1120292603533123584""",https://video.twimg.com/amplify_video/1120292603533123584/vid/852x480/mG84yanaPEcnjeBp.mp4?tag=11,"22 Apr 2019 11:53:16","#Easter blasts carried out by local islamist group: Sri Lankan officials | https://t.co/I3NygPwqOE
.
#SriLanka #Colombo https://t.co/nSatl7s6KR",Tweet,"Twitter Media Studio",10,21,"""39743812""","Economic Times",EconomicTimes,Verified,https://twitter.com/EconomicTimes,Non-Protected
"""1120291946331815940""",https://twitter.com/MikeQReports/status/1120291946331815940,"""1120291888681095168""",https://video.twimg.com/ext_tw_video/1120291888681095168/pu/pl/pUhL4B1mH6RASaFP.m3u8?tag=8,"22 Apr 2019 11:43:08","DEADLY BOMB ATTACKS | Nearly 300 people killed, 500 people hurt, and dozens have been arrested after these #Easter Sunday bombings in #SriLanka @wusa9 #GetUpDC https://t.co/KmI4xDJJlx",Tweet,"Twitter for iPhone",1,4,"""74305518""","Michael Quander",MikeQReports,Verified,https://twitter.com/MikeQReports,Non-Protected
"""1120289625501839362""",https://twitter.com/AsUNotWish/status/1120289625501839362,"""1120289443657785344""",https://video.twimg.com/ext_tw_video/1120289443657785344/pu/vid/720x406/gk8EMlbWJ-p75A7A.mp4?tag=8,"22 Apr 2019 11:33:55","https://t.co/QM5JrLZLd7
Hey Guys New video is out on chahars ki vines youtube channel....Go and watch full video...
#BhuvanKiBlackLady #EarthDay 
#bhuvanbam #Easter 
#SriLanka #RahulApologizes 
#keepsupporting https://t.co/ShLc7Sc1dJ",Tweet,"Twitter for Android",0,1,"""873045797037682691""","Mohit Chahar",AsUNotWish,Non-Verified,https://twitter.com/AsUNotWish,Non-Protected
"""1120285468028018689""",https://twitter.com/RosaryMysteries/status/1120285468028018689,"""1120285410935046146""",https://video.twimg.com/ext_tw_video/1120285410935046146/pu/vid/360x640/mi6oKCiNfV3Q4SJJ.mp4?tag=8,"22 Apr 2019 11:17:24","‚óÑ 1 Peter 3:19 ‚ñ∫
 
After being made alive, he went and made proclamation to the imprisoned spirits.üôè #Catholic #Jesus #Easter #SriLanka https://t.co/sJ0GYY8NQa",Tweet,"Twitter for iPhone",6,19,"""106116392""",Nicola‚úùÔ∏èüôè‚úùÔ∏èKanaan,RosaryMysteries,Non-Verified,https://twitter.com/RosaryMysteries,Non-Protected
"""1120277469288980480""",https://twitter.com/pubzudarlingye/status/1120277469288980480,"""1119906869579935744""",https://video.twimg.com/amplify_video/1119906869579935744/vid/640x360/u_VVWx7O6nR5dJGw.mp4?tag=11,"22 Apr 2019 10:45:37","RT @yupptv: Two more blasts rock #SriLanka on #Easter #SriLankaBlast

https://t.co/nnsQKjXjHQ",ReTweet,"Twitter for Android",0,0,"""906572967529852932""","Raju Garu Prabhas üèπ",pubzudarlingye,Non-Verified,https://twitter.com/pubzudarlingye,Non-Protected
"""1120233308951064576""",https://twitter.com/Wv5Barbara/status/1120233308951064576,"""1119948687172567040""",https://video.twimg.com/ext_tw_video/1119948687172567040/pu/vid/720x1280/vwQCGqD1oAAGRJFx.mp4?tag=8,"22 Apr 2019 07:50:08","RT @RosaryMysteries: Christ is Risen, Truly, He is Risen‚Äù #Christ #Easter #Galilee #Srilanka https://t.co/J3971bwjnk",ReTweet,"Twitter for iPhone",0,0,"""1019668320541437953""",barbara_wv5,Wv5Barbara,Non-Verified,https://twitter.com/Wv5Barbara,Non-Protected
"""1120166506086580224""",https://twitter.com/CurtisSChin/status/1120166506086580224,"""1120166402617266176""",https://video.twimg.com/ext_tw_video/1120166402617266176/pu/vid/360x640/UMoM3mZmNChOqYJH.mp4?tag=8,"22 Apr 2019 03:24:41","Sri Lanka: Some numbers to understand the magnitude of the #Easter day (4/21) #SriLankablasts:
Reported dead: 215
Total population: 20.95 million

By comparison:
US population: 327.20 million
A similar % would be: 3,358 lives lost.

#StandWithSriLanka #SriLanka #strongertogether https://t.co/KXnqXPB4RC",Reply,"Twitter for iPhone",1,2,"""2267964218""","üö∂üèªCurtis S. Chin",CurtisSChin,Verified,https://twitter.com/CurtisSChin,Non-Protected
"""1120159940985929728""",https://twitter.com/BobbyBananas68/status/1120159940985929728,"""1120147604992430081""",https://video.twimg.com/ext_tw_video/1120147604992430081/pu/vid/636x360/wtIS3eDQj3C7fay2.mp4?tag=8,"22 Apr 2019 02:58:36","Christopher Speer‚Äôs killer #OmarKhadr  is invited on #Canadian state television #CBC #TLMEP to a cheering crowd?! on #Easter and on a day that #Terrorists attack in #SriLanka  ... who made that call?  üëåü§ì                         https://t.co/yEJ1j50pl5",Tweet,"Twitter for iPhone",439,602,"""244537640""","Bobby Bananas üåé",BobbyBananas68,Non-Verified,https://twitter.com/BobbyBananas68,Non-Protected
"""1120075495528259584""",https://twitter.com/thehaikufairy/status/1120075495528259584,"""1120075488796397568""",https://video.twimg.com/tweet_video/D4tOuP9U0AAOGwa.mp4,"21 Apr 2019 21:23:02","A day of peace is
shattered by hate.  However
you pray, pray for peace

#SriLanka #Easter #PeaceAndLove https://t.co/bWl7eVBi0Y",Tweet,"Twitter Web App",0,1,"""17030434""","melissa moon",thehaikufairy,Non-Verified,https://twitter.com/thehaikufairy,Non-Protected
"""1120058137380315138""",https://twitter.com/Duas_Revival/status/1120058137380315138,"""1120057133511393282""",https://video.twimg.com/ext_tw_video/1120057133511393282/pu/vid/640x360/NCl9uUeXGdOI6E1o.mp4?tag=8,"21 Apr 2019 20:14:04","üòçSunday Night - Dating? You have a Boyfriend / Girlfriend?üòç

Learn More: https://t.co/M04do7GnyV

#SundayService #ARSCRY #SundayThoughts #CARLIV #antiquesroadshow #issaLGBTQ #wildflowerhour #BGT #LineOfDuty #easter #SriLanka #Soyluistifa #SemihUyulganYutubuBƒ±rak #Hospitality https://t.co/ROvUrKc84N",Tweet,"Twitter Web Client",1,2,"""982706495111553029""","Duas Revival",Duas_Revival,Non-Verified,https://twitter.com/Duas_Revival,Non-Protected
"""1120049914594168832""",https://twitter.com/vicsrangers/status/1120049914594168832,"""1120049900362850304""",https://video.twimg.com/tweet_video/D4s3cznW4AAFCX3.mp4,"21 Apr 2019 19:41:23","For the religious, non religious, &amp; individuals inbetween, may you feel blessed today &amp; everyday. Also our hearts &amp; prayers go out to the victims of the bombings in Sri Lanka. May we all lay down our difference to help those in need. #SriLanka #Easter #RisemboolRangers https://t.co/QNXR4hDe2J",Tweet,"Twitter for iPhone",9,34,"""1019902559526547458""","The Risembool Rangers",vicsrangers,Non-Verified,https://twitter.com/vicsrangers,Non-Protected
"""1120029834351083520""",https://twitter.com/iantolish/status/1120029834351083520,"""1120027020933705729""",https://video.twimg.com/ext_tw_video/1120027020933705729/pu/vid/400x224/S4ONyTHf5YJV9wWO.mp4?tag=8,"21 Apr 2019 18:21:36","CCTV Footage - A person who was suspected of suicide by a suicide bomb in #negombo #ka·π≠uvapi·π≠iyachurch #SriLanka #Easter #PrayForSriLanka #SriLankaBlasts #SriLankaBombLast #lka https://t.co/psX67jf20h",Tweet,"Twitter for Android",14,6,"""260201103""",Lishan,iantolish,Non-Verified,https://twitter.com/iantolish,Non-Protected
"""1120029765082198020""",https://twitter.com/IanParker24/status/1120029765082198020,"""1120029755322109952""",https://video.twimg.com/tweet_video/D4slINfXkAASscj.mp4,"21 Apr 2019 18:21:19","Horrible sights coming from #SriLanka, the evil and hatred of terrorism has struck on the holy day of #Easter. I pray that the dead rest in peace in Gods kingdom of Heaven, that the injured recover soon and that peace may one day be restored to this Earth. #SriLankaAttack https://t.co/psvgBJWhKx",Tweet,"Twitter for Android",0,2,"""1346516666""","Ian Parker",IanParker24,Non-Verified,https://twitter.com/IanParker24,Non-Protected
"""1120024372415213569""",https://twitter.com/surfbetty1968/status/1120024372415213569,"""1120024364798365697""",https://video.twimg.com/tweet_video/D4sgOcOW0AERfJ2.mp4,"21 Apr 2019 17:59:54","On this holy day of #Easter i‚Äôm appalled by the attack on Christianity in #SriLanka May the power of Christ‚Äôs love overpower the dark hate that looms around us. May we rise up as a loving  people and learn to live in harmony. https://t.co/HcZpAgq0VO",Tweet,"Twitter for iPhone",0,1,"""345521578""","soccer nut",surfbetty1968,Non-Verified,https://twitter.com/surfbetty1968,Non-Protected
"""1120021283578605568""",https://twitter.com/KrishanDass/status/1120021283578605568,"""1119830000281079808""",https://video.twimg.com/ext_tw_video/1119830000281079808/pu/vid/640x360/xvEwlf4UT1W634lP.mp4?tag=8,"21 Apr 2019 17:47:37","#SriLanka ‡§ï‡•á ‡§á‡§∏ ‡§¶‡•Å‡§ñ‡§¶‡§æ‡§Ø‡•Ä ‡§ò‡§ü‡§®‡§æ ‡§ï‡•á ‡§ï‡§∑‡•ç‡§ü ‡§∏‡•á ‡§®‡§ø‡§µ‡§æ‡§∞‡§£ ‡§ï‡•á ‡§≤‡§ø‡§è ‡§π‡§Æ‡•á #‡§ú‡•Ä‡§®‡•á_‡§ï‡•Ä_‡§∞‡§æ‡§π ‡§™‡•Å‡§∏‡•ç‡§§‡§ï ‡§™‡§¢‡§º‡§®‡•Ä ‡§ö‡§æ‡§π‡§ø‡§è‡•§ or dekhe sadhna tv @7.30
#easter
https://t.co/0jxiRhDHcn",Tweet,"Twitter for Android",1,1,"""336016674""","Krishan Yadav",KrishanDass,Non-Verified,https://twitter.com/KrishanDass,Non-Protected
"""1120020254422384640""",https://twitter.com/HSajwanization/status/1120020254422384640,"""1120015537663119360""",https://video.twimg.com/amplify_video/1120015537663119360/pl/t_fxU4QXZdIQkrvA.m3u8?tag=11,"21 Apr 2019 17:43:32","#BREAKING CNN is reporting at least 207 people killed, more than 560 injured in #SriLanka on #Easter Sunday. Around 30 foreigners have been killed from the US, UK, India, China, Netherlands, Turkey, Portugal
@willripleyCNN 
https://t.co/sn9EV3IGND",Reply,"Twitter for iPhone",10,7,"""431777800""","ÿ≠ÿ≥ŸÜ ÿ≥ÿ¨ŸàÿßŸÜŸä üá¶üá™ Hassan Sajwani",HSajwanization,Verified,https://twitter.com/HSajwanization,Non-Protected
"""1120015427961114625""",https://twitter.com/Lucc_H2/status/1120015427961114625,"""1120015233001635846""",https://video.twimg.com/ext_tw_video/1120015233001635846/pu/vid/320x180/0eAQ_w67ih_8I44F.mp4?tag=8,"21 Apr 2019 17:24:21","Negativity will only make us stronger.  Prayers sent out to the victims and families. üôèüèΩ #srilanka #church #bombing #victims #terrorist #terrorism #attack #easter #eastersunday #ChristianityUnderAttack #JesusLives #happyeaster #politics #restinpeace #india #justdoit #news #trump https://t.co/eJDNpZ9AIM",Tweet,"Twitter for Android",0,4,"""1902557366""","Jamaal Burcher",Lucc_H2,Non-Verified,https://twitter.com/Lucc_H2,Non-Protected
"""1120005638401208320""",https://twitter.com/BruceCorrie/status/1120005638401208320,"""1120005433882812419""",https://video.twimg.com/ext_tw_video/1120005433882812419/pu/pl/Tngx3Ar8OQa4n40F.m3u8?tag=8,"21 Apr 2019 16:45:27","Remembering victims of violence in #SriLanka #Cameroon and other places this #Easter and for those working for peace that they can build a path to healing and wholeness https://t.co/Pw8L5zo4bc",Tweet,"Twitter for iPhone",0,1,"""57830866""","Bruce Corrie",BruceCorrie,Non-Verified,https://twitter.com/BruceCorrie,Non-Protected
"""1120002978755248128""",https://twitter.com/JulianneLimaTV/status/1120002978755248128,"""1120002904151199744""",https://video.twimg.com/ext_tw_video/1120002904151199744/pu/vid/1280x720/NG-K04pZ4iFJEwg8.mp4?tag=8,"21 Apr 2019 16:34:53","Holy Week was sandwiched between a fire at #NotreDame and the horrific bombings of churches and hotels in #SriLanka. In his #Easter homily, Bishop @ThomasJTobin1 offered a message of hope. Full story tonight on @wpri12 https://t.co/5LYubhObDQ",Tweet,SocialNewsDesk,4,3,"""193533004""","Julianne Lima",JulianneLimaTV,Verified,https://twitter.com/JulianneLimaTV,Non-Protected
"""1119995598457982976""",https://twitter.com/MuzzammilAap/status/1119995598457982976,"""1119894648795930624""",https://video.twimg.com/ext_tw_video/1119894648795930624/pu/vid/1280x720/54N3zFNSz-uxG4b7.mp4?tag=8,"21 Apr 2019 16:05:33","Church Bomb Blasting Footage.
Recorded on a dash cam.

#SriLanka #EasterAttackSL #Easter #Bombing #SriLankaTerrorAttack #SriLankaBlasts #SriLankaBlast

https://t.co/l0YMFmicXn",Tweet,"Twitter for Android",1,1,"""2588460632""","Muzzammil Hamidani",MuzzammilAap,Non-Verified,https://twitter.com/MuzzammilAap,Non-Protected
"""1119994848680075264""",https://twitter.com/HoneyBadgerRulz/status/1119994848680075264,"""1119993774007115776""",https://video.twimg.com/ext_tw_video/1119993774007115776/pu/vid/320x180/-qCFPXdSjtjg91jX.mp4?tag=8,"21 Apr 2019 16:02:35","The Van which used to transport terrorists and explosions have been taken to custody. Visual of the vehicle .
#EnglishNews #SriLankaBlast #srilanka #SRILANKABOMBBLAST #easter #EasterAttackSL #SriLankaTerrorAttack https://t.co/duRZuOmDQK",Reply,"Twitter for iPhone",3,6,"""3243547586""","Honey Badger",HoneyBadgerRulz,Non-Verified,https://twitter.com/HoneyBadgerRulz,Non-Protected
"""1119974498684399616""",https://twitter.com/RainbowEnterta5/status/1119974498684399616,"""1119973936060461058""",https://video.twimg.com/ext_tw_video/1119973936060461058/pu/vid/640x360/AD_DeN88WOQWx0Pg.mp4?tag=8,"21 Apr 2019 14:41:43","watch more:https://t.co/5Mm7jldZ6v
#RainbowEntertainment #MarvelStudios #Avengers #Endgame #comicstrip #CaptainAmerica #TonyStark #IronMan #CaptainMarvel #InfinityWar #ARRahman #joerusso #RobertDowneyJr #AvengersEndgame #hollywood #Easter #SriLanka #Hulk #Thor #WaltDisney #Ronin https://t.co/urZUCdyHoi",Tweet,"Twitter Web Client",0,0,"""1112074917279756288""","Rainbow Entertainment",RainbowEnterta5,Non-Verified,https://twitter.com/RainbowEnterta5,Non-Protected
"""1119972120828829698""",https://twitter.com/RAY_G17/status/1119972120828829698,"""1119972046602108929""",https://video.twimg.com/ext_tw_video/1119972046602108929/pu/vid/320x320/gYD8dMvMr9Y0Hgvm.mp4?tag=8,"21 Apr 2019 14:32:16","#Muslim #SriLanka #RIP #Easter https://t.co/RZlGMuvhTb",Tweet,"Twitter for Android",0,0,"""874768335174418432""","Blue Ray üá∫üá∏",RAY_G17,Non-Verified,https://twitter.com/RAY_G17,Non-Protected
"""1119968202040254465""",https://twitter.com/iSassafras/status/1119968202040254465,"""1119965475465826306""",https://video.twimg.com/ext_tw_video/1119965475465826306/pu/vid/320x320/eH1yUSLfFJr9oSs-.mp4?tag=8,"21 Apr 2019 14:16:42","Quick! Someone tell @IlhanMN Omar that #SomePeopleDidSomething on #Easter Sunday to celebrate #ResurrectionDay by ensuring 207 Christians spend it with Christ, the Saviour in #SriLanka.

ü§îWill Ilhan remove her üßïüèΩ hijab in soldarity?

#EasterSundayAttacks  https://t.co/rO7tM3Xd2n",Tweet,"Twitter for iPhone",0,0,"""21497493""","œÆ‡Æê ‡∏£‡∏Ñ‡∏£‡∏£‡∏Ñf–≥‡∏Ñ‡∏£‡∏£ œÆ‡Æê",iSassafras,Non-Verified,https://twitter.com/iSassafras,Non-Protected
"""1119966115663425536""",https://twitter.com/JDumde/status/1119966115663425536,"""1119966005256650753""",https://video.twimg.com/ext_tw_video/1119966005256650753/pu/vid/320x180/JwD8B12IWX5BBBWi.mp4?tag=8,"21 Apr 2019 14:08:24","As long as the WORLD keeps its EYES SHUT &amp; People go on saying that #Terr–ær has NO Religion

Many #SriLanka will keep getting replicated
#SriLankaBlasts #Colombo

Strongly condemn the horrific blasts in Sri Lanka

#TerrorAttack #Easter #EasterSunday #EasterAttackSL #Easter2019 https://t.co/MY8KQBgOtZ",Tweet,"Twitter Web App",0,1,"""4024222880""",üáÆüá≥JDü¶Å‡øê,JDumde,Non-Verified,https://twitter.com/JDumde,Non-Protected
"""1119949074621509632""",https://twitter.com/RosaryMysteries/status/1119949074621509632,"""1119948687172567040""",https://video.twimg.com/ext_tw_video/1119948687172567040/pu/vid/720x1280/vwQCGqD1oAAGRJFx.mp4?tag=8,"21 Apr 2019 13:00:41","Christ is Risen, Truly, He is Risen‚Äù #Christ #Easter #Galilee #Srilanka https://t.co/J3971bwjnk",Tweet,"Twitter for iPhone",34,103,"""106116392""",Nicola‚úùÔ∏èüôè‚úùÔ∏èKanaan,RosaryMysteries,Non-Verified,https://twitter.com/RosaryMysteries,Non-Protected
"""1119944327403380736""",https://twitter.com/GalJammuDi/status/1119944327403380736,"""1119943846899666944""",https://video.twimg.com/ext_tw_video/1119943846899666944/pu/vid/352x640/IhnqQVSFam1N7mTg.mp4?tag=8,"21 Apr 2019 12:41:49","Death toll rises up to 207 &amp; 460 people injured in Explosions around #SriLanka in #Colombo When an Islamic Terror group targeted Christian Churches and hotels where tourists were staying in. #SriLankaBlasts  #PrayForSriLanka #srilankaterrorattack #Easter #terrorattack #shrilanka https://t.co/vHJK48vqHq",Tweet,"Twitter for Android",26,18,"""1000729779807506432""","Gal Jammu Di",GalJammuDi,Non-Verified,https://twitter.com/GalJammuDi,Non-Protected
"""1119938428827836417""",https://twitter.com/RebeccaRambar/status/1119938428827836417,"""1119938349500907520""",https://video.twimg.com/ext_tw_video/1119938349500907520/pu/pl/jIPFI4ahih9Owlvt.m3u8?tag=8,"21 Apr 2019 12:18:23","#SriLanka Vid√©o qui montre le moment de l'explosion dans une √©glise.
Au moins 207 personnes ont √©t√© tu√©es dans les 8 attentats √† la bombe dans 3 √©glises &amp; 3 h√¥tels de #Colombo qui ont √©galement fait plus de 400 personnes bless√©es
#terrorism #Easter #Paques https://t.co/QpsUVPdiYD",Reply,TweetDeck,2,2,"""861614085275865088""","Rebecca Rambar",RebeccaRambar,Non-Verified,https://twitter.com/RebeccaRambar,Non-Protected
"""1119933276951474176""",https://twitter.com/indiatimes/status/1119933276951474176,"""1119919616413749248""",https://video.twimg.com/amplify_video/1119919616413749248/vid/320x320/GHHK6Zhy8vqeloVl.mp4?tag=11,"21 Apr 2019 11:57:55","#Easter celebration turned into a tragedy! #SriLankaBlast kill nearly 200 people. Here is what actually happened.

#SriLanka #PrayForSriLanka https://t.co/HjZxqGT3M2",Tweet,"Twitter Media Studio",4,1,"""191768572""",Indiatimes,indiatimes,Verified,https://twitter.com/indiatimes,Non-Protected
"""1119932504998154241""",https://twitter.com/CurtisSChin/status/1119932504998154241,"""1119932350618460160""",https://video.twimg.com/ext_tw_video/1119932350618460160/pu/vid/1280x720/3tzO3UIyVr-YZYrJ.mp4?tag=8,"21 Apr 2019 11:54:51","As US awakes to news of horrific attacks on churches &amp; hotels in #SriLanka on this #Easter day in Asia, here‚Äôs to all our places of worship adding #prayers for the people of Sri Lanka this #Easter2019. #standwithsrilanka 

@Presbyterian @FAPC_NYC @USCCB @iamepiscopalian @USAmbSLM https://t.co/i2OUKJoWaj",Reply,"Twitter for iPhone",3,7,"""2267964218""","üö∂üèªCurtis S. Chin",CurtisSChin,Verified,https://twitter.com/CurtisSChin,Non-Protected
"""1119916999448993793""",https://twitter.com/Lucine777/status/1119916999448993793,"""1119916850996043776""",https://video.twimg.com/tweet_video/D4q-cUGX4AAS8qu.mp4,"21 Apr 2019 10:53:14","#Easter #SriLanka https://t.co/g9HeC9lJXW",Tweet,"Twitter Web Client",2,7,"""163204645""",Lucine,Lucine777,Non-Verified,https://twitter.com/Lucine777,Non-Protected
"""1119911442600419329""",https://twitter.com/propergaanda/status/1119911442600419329,"""1119911354960314368""",https://video.twimg.com/ext_tw_video/1119911354960314368/pu/vid/480x480/YRZaYpW_3rVBjFOP.mp4?tag=8,"21 Apr 2019 10:31:09","Sri Lanka has been devastated by serial bomb blasts on #Easter. Today marks the most unrest Sri Lanka has seen since it's civil war. #srilanka #EasterSunday https://t.co/5BFS4WZPgf",Tweet,"Twitter for Android",1,1,"""899566656346894345""",Propergaanda,propergaanda,Non-Verified,https://twitter.com/propergaanda,Non-Protected
"""1119911243131670528""",https://twitter.com/yupptv/status/1119911243131670528,"""1119906869579935744""",https://video.twimg.com/amplify_video/1119906869579935744/vid/640x360/u_VVWx7O6nR5dJGw.mp4?tag=11,"21 Apr 2019 10:30:21","Two more blasts rock #SriLanka on #Easter #SriLankaBlast

https://t.co/nnsQKjXjHQ",Tweet,"Twitter Web Client",2,2,"""19223718""",YuppTV,yupptv,Verified,https://twitter.com/yupptv,Non-Protected
"""1119909500419547136""",https://twitter.com/ZouvelosGeorge/status/1119909500419547136,"""1119909433520394240""",https://video.twimg.com/ext_tw_video/1119909433520394240/pu/vid/720x1280/VuO_RWcVJBiRM2Ch.mp4?tag=8,"21 Apr 2019 10:23:26","#RT #BreakingNews #SRILANKA ‚Äì #EASTER SUNDAY 21st of April 2019 - Bombings in 4 #Christian churches-three luxury hotels. At least 160 died - more than 400 injured. #CHRISTIANS ARE UNDER ATTACK THE UNTOLD GLOBAL #GENOCIDE! @ZouvelosGeorge 
#GeorgeZouvelos
#AegeanTV @FIATLUXSTUDIOS https://t.co/5pOSGcG6vj",Tweet,"Twitter for iPhone",1,2,"""183795890""","George ŒñŒøœÖvelos",ZouvelosGeorge,Non-Verified,https://twitter.com/ZouvelosGeorge,Non-Protected
"""1119908646312468481""",https://twitter.com/IndiaToday/status/1119908646312468481,"""1119906869579935744""",https://video.twimg.com/amplify_video/1119906869579935744/vid/640x360/u_VVWx7O6nR5dJGw.mp4?tag=11,"21 Apr 2019 10:20:02","Two more blasts rock #SriLanka on #Easter
#ITVideo #SriLankaBlast
More Videos: https://t.co/Nounxo6IKQ https://t.co/PwYOZGkaVH",Tweet,"Twitter Media Studio",6,16,"""19897138""",IndiaToday,IndiaToday,Verified,https://twitter.com/IndiaToday,Non-Protected
"""1119907588068597760""",https://twitter.com/SOSCdOrient/status/1119907588068597760,"""1119907542090625027""",https://video.twimg.com/ext_tw_video/1119907542090625027/pu/vid/360x640/euuPZKBGrP5yBEHv.mp4?tag=8,"21 Apr 2019 10:15:50","#IRAK üáÆüá∂ Volunteers and #EasternChristians are praying for #Christians in #srilanka, suffering the 7th #terrorist attack of this #Easter day, in #Columbo.
#chr√©tiensdOrient https://t.co/LVvhz5WJWb",Tweet,"Twitter for Android",10,30,"""1952304890""","SOS Chr√©tiens d'Orient",SOSCdOrient,Verified,https://twitter.com/SOSCdOrient,Non-Protected
"""1119906835111104512""",https://twitter.com/syedimranhashmi/status/1119906835111104512,"""1119905675633668097""",https://video.twimg.com/ext_tw_video/1119905675633668097/pu/vid/352x640/qIfZa8UyWO-I_Ymo.mp4?tag=8,"21 Apr 2019 10:12:51","At least 185 killed in 8 blasts in #SriLanka on #Easter

#EasterSunday #Colombo #ZahranHashim #AbuMohammad #BatticalaoChurch https://t.co/OwpLEN6xCz",Tweet,"Twitter Web Client",0,0,"""163690513""","S. Imran Ali Hashmi",syedimranhashmi,Non-Verified,https://twitter.com/syedimranhashmi,Non-Protected
"""1119904352729276416""",https://twitter.com/DesaFinfe/status/1119904352729276416,"""1119904311763402752""",https://video.twimg.com/tweet_video/D4qzCb0WAAAAjHu.mp4,"21 Apr 2019 10:02:59","Vanessa Ben Ali Rami #sad #Easter #Attenta Au #SriLanka #triste F√™tes de #P√¢quesüíî#Explosions visant des #√©glises et des #h√¥tels :Au moins 156 #morts Via @TUNumerique 
Une s√©rie d‚Äôexplosions est survenue ce dimanche 21 avril 2019 pendant la messe de P√¢ques https://t.co/hkaCZoiAB9 https://t.co/yW4i0exe40",Tweet,"Twitter Web Client",0,0,"""2188612976""",Vanessa,DesaFinfe,Non-Verified,https://twitter.com/DesaFinfe,Non-Protected
"""1119897661602181120""",https://twitter.com/HoneyBadgerRulz/status/1119897661602181120,"""1119897092242190337""",https://video.twimg.com/ext_tw_video/1119897092242190337/pu/vid/320x180/iQRcqvZh5EjdwJIv.mp4?tag=8,"21 Apr 2019 09:36:23","Bombing (Suicide ?) footage in Church today‚Äôs the morning!!!
Recorded on a Dash Cam.
#Easter #EasterSundayAttacksLKA #srilanka #bombing #EasterAttackSL https://t.co/eWEOGCtwKJ",Reply,"Twitter for iPhone",3,2,"""3243547586""","Honey Badger",HoneyBadgerRulz,Non-Verified,https://twitter.com/HoneyBadgerRulz,Non-Protected
"""1119895255787216897""",https://twitter.com/HoneyBadgerRulz/status/1119895255787216897,"""1119894648795930624""",https://video.twimg.com/ext_tw_video/1119894648795930624/pu/vid/1280x720/54N3zFNSz-uxG4b7.mp4?tag=8,"21 Apr 2019 09:26:50","Church Bomb Blasting Footage.
Recorded on a dash cam .
#SriLanka #EasterAttackSL #Easter #Bombing https://t.co/d3M0UmNJXT",Tweet,"Twitter for iPhone",44,57,"""3243547586""","Honey Badger",HoneyBadgerRulz,Non-Verified,https://twitter.com/HoneyBadgerRulz,Non-Protected
"""1119889893759639552""",https://twitter.com/najman_moh/status/1119889893759639552,"""1119889883982630912""",https://video.twimg.com/tweet_video/D4ql6oJWkAAKgCa.mp4,"21 Apr 2019 09:05:31","Happy #Easter to all of you and sad regarding the attack in #SriLanka #SriLankaExplosions üòï https://t.co/14QNxoHhxN",Tweet,"Twitter for iPhone",0,0,"""1039764966264516608""","Mohammad Najman",najman_moh,Non-Verified,https://twitter.com/najman_moh,Non-Protected
"""1119888070520782848""",https://twitter.com/SOSCdOrient/status/1119888070520782848,"""1119887922763837441""",https://video.twimg.com/ext_tw_video/1119887922763837441/pu/pl/Uon4n9B8RldKLy_X.m3u8?tag=8,"21 Apr 2019 08:58:17","#IRAK üáÆüá∂ Les #chr√©tiensdOrient et les #volontaires de #SOSChr√©tiensdOrient portent dans leur pri√®res les #chr√©tiens du #srilanka victimes d'#attentat en ce jour de #P√¢ques2019.
Que #NotreDame de la #Resurrection leurs vienne en aide ! 
#Easter #P√¢ques #SriLankablast https://t.co/ociAhSwsHV",Tweet,"Twitter for Android",104,135,"""1952304890""","SOS Chr√©tiens d'Orient",SOSCdOrient,Verified,https://twitter.com/SOSCdOrient,Non-Protected
"""1119883628408918017""",https://twitter.com/Anchor_Pankaj/status/1119883628408918017,"""1119882655514996736""",https://video.twimg.com/ext_tw_video/1119882655514996736/pu/vid/640x356/hNvhfOVbiM7Kv8W8.mp4?tag=8,"21 Apr 2019 08:40:38","#WATCH ‡§∂‡•ç‡§∞‡•Ä‡§≤‡§Ç‡§ï‡§æ ‡§Æ‡•á‡§Ç ‡§∏‡•Ä‡§∞‡§ø‡§Ø‡§≤ ‡§¨‡•ç‡§≤‡§æ‡§∏‡•ç‡§ü ‡§Æ‡•á‡§Ç ‡§ï‡§Æ ‡§∏‡•á ‡§ï‡§Æ 156 ‡§ï‡•Ä ‡§Æ‡•å‡§§,‡§∂‡•ç‡§∞‡•Ä‡§≤‡§Ç‡§ï‡§æ ‡§ï‡•á ‡§™‡•Ä‡§è‡§Æ ‡§µ‡§ø‡§ï‡•ç‡§∞‡§Æ‡§∏‡§ø‡§Ç‡§ò‡•á ‡§®‡•á ‡§¶‡•á‡§∂ ‡§Æ‡•á‡§Ç ‡§π‡•Å‡§è ‡§ß‡§Æ‡§æ‡§ï‡•ã‡§Ç ‡§ï‡•Ä ‡§®‡§ø‡§Ç‡§¶‡§æ ‡§ï‡•Ä‡•§
#SriLankaBlast  #Colombo #SriLanka #Easter 
Please pray for our fellow Catholics murdered and injured as they celebrated Easter Sunday Mass in #Video https://t.co/rbWv3HN3vo",Tweet,"Twitter Web Client",1,3,"""749130518701154304""","Pankaj Sharma (Journalist)",Anchor_Pankaj,Non-Verified,https://twitter.com/Anchor_Pankaj,Non-Protected
"""1119881239366758401""",https://twitter.com/ashoc_goud/status/1119881239366758401,"""1119881078225768448""",https://video.twimg.com/ext_tw_video/1119881078225768448/pu/vid/352x640/0affXNLDLq6j435E.mp4?tag=8,"21 Apr 2019 08:31:08","‡∞Æ‡∞®‡±Å‡∞∏‡±Å‡∞®‡∞ø ‡∞ï‡∞¶‡∞ø‡∞≤‡±ç‡∞ö‡∞ø‡∞® ‡∞µ‡±Ä‡∞°‡∞ø‡∞Ø‡±ã ‡∞Ü‡∞π‡±ç ‡∞™‡∞æ‡∞™ ‡∞µ‡±à‡∞™‡±Å ‡∞ö‡±Ç‡∞∏‡±ç‡∞§‡±Å‡∞Ç‡∞ü‡±á ‡∞ï‡∞®‡±ç‡∞®‡±Ä‡∞≥‡±ç‡∞≤‡±Å ‡∞Ü‡∞ó‡∞ü‡±ç‡∞≤‡±á‡∞¶‡±Åüò¢üò¢ 
#PrayforSriLanka  #SriLanka #Easter https://t.co/nLMgeCkHE7",Tweet,"Twitter for Android",3,3,"""981821047988105216""","Ashok Jadapalli",ashoc_goud,Non-Verified,https://twitter.com/ashoc_goud,Non-Protected
"""1119880079209713664""",https://twitter.com/ashoc_goud/status/1119880079209713664,"""1119879964189265921""",https://video.twimg.com/ext_tw_video/1119879964189265921/pu/vid/352x640/rbwPekLxy_STYJvB.mp4?tag=8,"21 Apr 2019 08:26:31","‡∞à‡∞∏‡±ç‡∞ü‡∞∞‡±ç ‡∞™‡∞∞‡±ç‡∞µ‡∞¶‡∞ø‡∞®‡∞æ‡∞® ‡∞ö‡∞∞‡±ç‡∞ö‡±ç ‡∞≤‡±ã ‡∞¨‡∞æ‡∞Ç‡∞¨‡±ç ‡∞µ‡±á‡∞∏‡∞ø‡∞® ‡∞§‡±Ä‡∞µ‡±ç‡∞∞‡∞µ‡∞æ‡∞¶‡±Å‡∞≤‡±Å 50‡∞Æ‡∞Ç‡∞¶‡∞ø‡∞ï‡∞ø ‡∞™‡±à‡∞ó‡∞æ ‡∞Æ‡±É‡∞§‡∞ø500 ‡∞Æ‡∞Ç‡∞¶‡∞ø‡∞ï‡∞ø ‡∞™‡±à‡∞ó‡∞æ ‡∞ó‡∞æ‡∞Ø‡∞æ‡∞≤‡±Åüò¢ #PrayForSriLanka #SriLanka #Easter https://t.co/zQ7dP2NFm8",Tweet,"Twitter for Android",5,13,"""981821047988105216""","Ashok Jadapalli",ashoc_goud,Non-Verified,https://twitter.com/ashoc_goud,Non-Protected
"""1119877496734920704""",https://twitter.com/liberatas20/status/1119877496734920704,"""1119877483984297985""",https://video.twimg.com/tweet_video/D4qao2jXoAEEjrL.mp4,"21 Apr 2019 08:16:16","Let‚Äôs show our pain and love for #SriLanka #Christians today because you can bet the MSM won‚Äôt. #RT #Easter #SriLankaChristians ‚úùÔ∏è‚úùÔ∏è‚úùÔ∏è‚úùÔ∏è‚úùÔ∏è‚úùÔ∏è‚úùÔ∏è‚úùÔ∏è‚úùÔ∏è‚úùÔ∏è‚úùÔ∏è‚úùÔ∏è https://t.co/EMa8bikN3F",Tweet,"Twitter for iPhone",0,1,"""1063902723790331904""","Libby üá¨üáßüéâüçæ",liberatas20,Non-Verified,https://twitter.com/liberatas20,Non-Protected
"""1119876170525310976""",https://twitter.com/eysha02/status/1119876170525310976,"""1119875920997888001""",https://video.twimg.com/ext_tw_video/1119875920997888001/pu/vid/352x640/8SzQAruSyOphwsoG.mp4?tag=8,"21 Apr 2019 08:11:00","Attack on Churches in #SriLanka during Easter celebration üíî
#EasterSunday #Easter #srilankablasts https://t.co/iAsbYGHCK0",Tweet,"Twitter for Android",4,2,"""2272578963""","Aysha Khan",eysha02,Non-Verified,https://twitter.com/eysha02,Non-Protected
"""1119872031548428289""",https://twitter.com/EconomicTimes/status/1119872031548428289,"""1119833119538974720""",https://video.twimg.com/amplify_video/1119833119538974720/vid/492x360/YNUfKkLHiGB8NMWR.mp4?tag=11,"21 Apr 2019 07:54:33","#SriLanka Blasts Live Updates: Over 150 dead, over 500 injured in six explosions on #Easter: https://t.co/v9TiHRHkW9 https://t.co/zFNqC8gPSI",Tweet,"Twitter Media Studio",8,17,"""39743812""","Economic Times",EconomicTimes,Verified,https://twitter.com/EconomicTimes,Non-Protected
"""1119869559857713152""",https://twitter.com/admit2sin/status/1119869559857713152,"""1119862391313924098""",https://video.twimg.com/amplify_video/1119862391313924098/vid/318x180/AEiFJkCbWXn2fo9v.mp4?tag=11,"21 Apr 2019 07:44:43","DISTURBING: Bloody aftermath at St. Anthony‚Äôs Church, where one of 6 #blasts struck in #SriLanka #Easter 

https://t.co/gniJuZMgrT https://t.co/7vzRK48dSi",Tweet,"Twitter for Android",3,2,"""843447680""","THE HERETIC",admit2sin,Non-Verified,https://twitter.com/admit2sin,Non-Protected
"""1119866614973911042""",https://twitter.com/mqaashishsenior/status/1119866614973911042,"""1119866050928107520""",https://video.twimg.com/ext_tw_video/1119866050928107520/pu/vid/480x360/gmfcG5aqffQZtvOV.mp4?tag=8,"21 Apr 2019 07:33:01","#SriLanka:  #Colombo and #Batticaloa; 
Church and Hotal ‡§Æ‡•á‡§Ç 6 serial #Blast ‡§∏‡•á 
49 reported killed, over 500 injured 
#Easter day ‡§™‡§∞ ‡§∂‡•ç‡§∞‡•Ä‡§≤‡§Ç‡§ï‡§æ ‡§∏‡•á ‡§¶‡•Å‡§É‡§ñ‡§¶ ‡§ò‡§ü‡§®‡§æ https://t.co/j4nAO8HGMX",Tweet,"Twitter for Android",4,4,"""973381980254478337""","M.Q. Aashish Senior üáÆüá≥üëçüëç",mqaashishsenior,Non-Verified,https://twitter.com/mqaashishsenior,Non-Protected
"""1119853862104342533""",https://twitter.com/KhushbooTweets/status/1119853862104342533,"""1119821067852353537""",https://video.twimg.com/ext_tw_video/1119821067852353537/pu/pl/-gVO3lrLJ9ychXLH.m3u8?tag=8,"21 Apr 2019 06:42:21","Death toll rises to 52 and 300 injured in #SriLanka blasts, reports AFP quoting police.

#SrilankaBlast #SriLankaBlasts #EasterSunday #Easter https://t.co/9Negny1sFg",Reply,"Twitter for Android",2,2,"""855989726196707328""",Khushboo,KhushbooTweets,Non-Verified,https://twitter.com/KhushbooTweets,Non-Protected
"""1119853713168973824""",https://twitter.com/ganezspn/status/1119853713168973824,"""1119853702519693317""",https://video.twimg.com/tweet_video/D4qFAlsXoAUrrG1.mp4,"21 Apr 2019 06:41:45","No word of condolence will suffice the irrecuperable losses and injuries at the deeply tragic bombing in #SriLanka 2day!
I am shocked at this terrorist attack!
#SriLankaBlast #EasterSunday #Easter https://t.co/IPQqjouqRu",Tweet,"Twitter for Android",0,0,"""178160978""","Ganesh Gupta",ganezspn,Non-Verified,https://twitter.com/ganezspn,Non-Protected
"""1119852034973491200""",https://twitter.com/RebeccaRambar/status/1119852034973491200,"""1119851981848436736""",https://video.twimg.com/ext_tw_video/1119851981848436736/pu/vid/352x640/W_xPsTEPxGVkzYPv.mp4?tag=8,"21 Apr 2019 06:35:05","#SriLanka Le bilan s'√©l√®verait d√©sormais √† 160 morts, 368 bless√©s
Un chef de la police sri-lankaise avait averti de possibles attaques suicides avant les attentats de dimanche √† #Colombo 
#Easter #terrorism https://t.co/hyp3mu9HgQ",Reply,TweetDeck,0,4,"""861614085275865088""","Rebecca Rambar",RebeccaRambar,Non-Verified,https://twitter.com/RebeccaRambar,Non-Protected
"""1119849164039282688""",https://twitter.com/periyarBK/status/1119849164039282688,"""1119848892936249345""",https://video.twimg.com/ext_tw_video/1119848892936249345/pu/pl/MsVz96bybKmm7mkZ.m3u8?tag=8,"21 Apr 2019 06:23:41","‡Æá‡Æ≤‡Æô‡Øç‡Æï‡Øà‡ÆØ‡Æø‡Æ≤‡Øç ‡Æ™‡Æ≤ ‡Æá‡Æü‡Æô‡Øç‡Æï‡Æ≥‡Æø‡Æ≤‡Øç ‡Æï‡ØÅ‡Æ£‡Øç‡Æü‡ØÅ ‡Æµ‡ØÜ‡Æü‡Æø‡Æ™‡Øç‡Æ™‡ØÅ. 

#‡Æï‡Æü‡Æµ‡ØÅ‡Æ≥‡Æø‡Æ©‡Øç ‡Æ™‡ØÜ‡ÆØ‡Æ∞‡Ææ‡Æ≤‡Øç ‡ÆÆ‡Æ©‡Æø‡Æ§‡Æ©‡Øà ‡Æá‡Æ©‡ÆÆ‡Øç ‡ÆÆ‡Æø‡Æ∞‡ØÅ‡Æï‡Æô‡Øç‡Æï‡Æ≥‡Ææ‡Æï ‡Æ™‡Æ∞‡Æø‡ÆÆ‡Ææ‡Æ©‡Æø‡Æï‡Øç‡Æï‡Æø‡Æ±‡Æ§‡ØÅ!

#SriLanka #bombblast #Colombo #Easter #Church #EasterSunday https://t.co/G4celMkoOW",Tweet,"Twitter for iPhone",1,7,"""1050089848348921856""",BK,periyarBK,Non-Verified,https://twitter.com/periyarBK,Non-Protected
"""1119849034632564736""",https://twitter.com/RebeccaRambar/status/1119849034632564736,"""1119848982065360898""",https://video.twimg.com/ext_tw_video/1119848982065360898/pu/pl/mKCgcwgONi26gkt4.m3u8?tag=8,"21 Apr 2019 06:23:10","#SriLanka Explosions en s√©rie √† #Colombo dans des h√¥tels et dans des √©glises o√π la c√©r√©monie de #Paques √©tait c√©l√©br√©e
Toutes les √©coles seront ferm√©es demain (22) et mardi (23) a annonc√© #AkilaVirajKariyawasam, le ministre de l'√âducation
#Easter https://t.co/3FfxNP15ab",Reply,TweetDeck,1,1,"""861614085275865088""","Rebecca Rambar",RebeccaRambar,Non-Verified,https://twitter.com/RebeccaRambar,Non-Protected
"""1119847862567751680""",https://twitter.com/PassionForNews/status/1119847862567751680,"""1119847747740258304""",https://video.twimg.com/ext_tw_video/1119847747740258304/pu/vid/352x640/LPJFdA33XY5985m3.mp4?tag=8,"21 Apr 2019 06:18:30","#BREAKING multiple #bombblast in #Colombo during #Easter mass. 5
About 52 dead, more than 300 people injured #SriLanka #ColomboBlast #SriLankaBlast
Disturbing visuals üò•üôè https://t.co/YAWihFWMkG",Tweet,"Twitter for Android",8,17,"""74707348""","Manoj Gupta",PassionForNews,Non-Verified,https://twitter.com/PassionForNews,Non-Protected
"""1119847520337842176""",https://twitter.com/RebeccaRambar/status/1119847520337842176,"""1119847354297925633""",https://video.twimg.com/ext_tw_video/1119847354297925633/pu/vid/352x640/kmxUaHhWago-qMlS.mp4?tag=8,"21 Apr 2019 06:17:09","#SriLanka Au moins 6 explosions ont √©t√© rapport√©es. 3 √©glises de #Kochchikade, #Negombo et #Batticaloa ont √©t√© vis√©es lors des offices de #Paques.
Les h√¥tels #ShangriLa, #CinnamonGrand &amp; #Kingsbury, tous situ√©s √† #Colombo, ont √©galement √©t√© touch√©s.
#Easter #terrorismev https://t.co/xGsgdnCWQz",Reply,TweetDeck,2,2,"""861614085275865088""","Rebecca Rambar",RebeccaRambar,Non-Verified,https://twitter.com/RebeccaRambar,Non-Protected
"""1119846232296443904""",https://twitter.com/LahoudAS/status/1119846232296443904,"""1119846007125217281""",https://video.twimg.com/ext_tw_video/1119846007125217281/pu/vid/480x360/ck4n8UtyEeb1RCuC.mp4?tag=8,"21 Apr 2019 06:12:02","#easter #srilanka #SriLankaBlast https://t.co/Qt5TkMAFFD",Tweet,"Twitter for iPhone",0,0,"""240820584""",Lebanese,LahoudAS,Non-Verified,https://twitter.com/LahoudAS,Non-Protected
"""1119844522870091777""",https://twitter.com/RebeccaRambar/status/1119844522870091777,"""1119844411725230080""",https://video.twimg.com/ext_tw_video/1119844411725230080/pu/vid/320x400/zV58KLhyWl70192w.mp4?tag=8,"21 Apr 2019 06:05:14","#SriLanka Les explosions auraient eu lieu dans 3 √©glises de #Colombo et ont a √©galement signal√© des explosions dans trois h√¥tels.
Les victimes sont nombreuses et les d√©g√¢ts tr√®s importants
#Easter https://t.co/fAe5HSVT4W",Reply,TweetDeck,5,2,"""861614085275865088""","Rebecca Rambar",RebeccaRambar,Non-Verified,https://twitter.com/RebeccaRambar,Non-Protected
"""1119842330754932736""",https://twitter.com/neelamtewari/status/1119842330754932736,"""1119842175498510337""",https://video.twimg.com/ext_tw_video/1119842175498510337/pu/pl/prTkzDVKeAnpYJ1n.m3u8?tag=8,"21 Apr 2019 05:56:31","#bombblast  in #colombo #Church #easter #Srilanka . Please stay safe and stay indoors. #EasterSunday https://t.co/293VSpcH4y",Reply,"Twitter for Android",12,11,"""147904434""","Dr Neelam Tewari",neelamtewari,Non-Verified,https://twitter.com/neelamtewari,Non-Protected
"""1119840419100098560""",https://twitter.com/serialTweeper/status/1119840419100098560,"""1119840409419751424""",https://video.twimg.com/tweet_video/D4p461CXoAAyfi9.mp4,"21 Apr 2019 05:48:56","#BREAKING:  At least 20 reported killed, 160 injured in 6 blasts at #SriLanka hotels &amp; churches on #Easter Sunday https://t.co/Da3Gt7nzmz https://t.co/Q5EwOzPBYV",Tweet,"Twitter for Android",2,0,"""267106449""","Serial Tweeperüïµüèø‚Äç‚ôÇÔ∏è",serialTweeper,Non-Verified,https://twitter.com/serialTweeper,Non-Protected
"""1119839761814962176""",https://twitter.com/neelamtewari/status/1119839761814962176,"""1119839699756113920""",https://video.twimg.com/ext_tw_video/1119839699756113920/pu/pl/jbZAg95uBuPuBOi4.m3u8?tag=8,"21 Apr 2019 05:46:19","Total of six blasts took place on #Sunday at three #Churches in #colombo #SriLanka.More than 30 people have been killed and over 300 are fear injured. #explosions also reported from Shangri-La Hotel, Cinnamon Grand and at Kingsbury Hotel. #TerrorAttack #Church #Easter https://t.co/lRWtd7l6QF",Tweet,"Twitter for Android",3,4,"""147904434""","Dr Neelam Tewari",neelamtewari,Non-Verified,https://twitter.com/neelamtewari,Non-Protected
"""1119839443714596864""",https://twitter.com/tvwnewsindia/status/1119839443714596864,"""1119839008417177600""",https://video.twimg.com/ext_tw_video/1119839008417177600/pu/vid/320x580/AM0aHDfcuSgaptBt.mp4?tag=8,"21 Apr 2019 05:45:03","#Watch 2 major Bomb blast at #Colombo Church during #Easter players, more than 150 injured, More details Awaited.
#Srilanka #ColomboChurch https://t.co/18gaMeFxo9",Tweet,"Twitter for Android",0,0,"""953805423756296198""","TVW News India",tvwnewsindia,Non-Verified,https://twitter.com/tvwnewsindia,Non-Protected
"""1119838098228228096""",https://twitter.com/nishatshamsi/status/1119838098228228096,"""1119837910067552256""",https://video.twimg.com/ext_tw_video/1119837910067552256/pu/vid/320x564/zrf7ZDt03MH1gK1a.mp4?tag=8,"21 Apr 2019 05:39:42","Sad serial blast on #Easter in Sri Lanka #SLTerrorattack #Srilanka #EasterSunday https://t.co/DGvmrA72vD",Tweet,"Twitter for iPhone",0,0,"""70730280""","Nishat M Shamsi",nishatshamsi,Verified,https://twitter.com/nishatshamsi,Non-Protected
"""1119835844427300865""",https://twitter.com/QuestForSense/status/1119835844427300865,"""1119835829201981440""",https://video.twimg.com/tweet_video/D4p0wOZW0AAm6ze.mp4,"21 Apr 2019 05:30:45","I was preparing to write a happy #Easter message and the unfortunate henious terrorist #SriLanka bomb attacks started to come from all around... My prayers, heart and thoughts go out to the victims, families and everyone affected by this tragedy. https://t.co/TqGOXGeozZ",Tweet,"Twitter for Android",3,3,"""1495052767""","Atakan Derelioglu, PhD",QuestForSense,Non-Verified,https://twitter.com/QuestForSense,Non-Protected
"""1119835363726389248""",https://twitter.com/zeerajasthan_/status/1119835363726389248,"""1119835294117720064""",https://video.twimg.com/ext_tw_video/1119835294117720064/pu/vid/320x180/ZTrAzn1Tm9h2qvka.mp4?tag=8,"21 Apr 2019 05:28:50","#BreakingNews: #Easter  ‡§™‡§∞ ‡§¶‡§π‡§≤‡§æ #SRILANKA, #COLOMBO ‡§ï‡•á ‡§¶‡•ã ‡§ö‡§∞‡•ç‡§ö ‡§∏‡§Æ‡•á‡§§ 6 ‡§ú‡§ó‡§π‡•ã‡§Ç ‡§™‡§∞ ‡§¨‡•ç‡§≤‡§æ‡§∏‡•ç‡§ü, 80 ‡§∏‡•á ‡§ú‡•ç‡§Ø‡§æ‡§¶‡§æ ‡§≤‡•ã‡§ó ‡§ò‡§æ‡§Ø‡§≤
#EasterSunday #Blastsrilanka https://t.co/4KPNsvaMaT",Tweet,"Twitter for Android",0,3,"""1587915768""","ZEE Rajasthan",zeerajasthan_,Verified,https://twitter.com/zeerajasthan_,Non-Protected
"""1119834916127170560""",https://twitter.com/THE_BRAHMASTRA/status/1119834916127170560,"""1119834631963119616""",https://video.twimg.com/ext_tw_video/1119834631963119616/pu/vid/320x580/IdHxxe4xhQwXPjQ8.mp4?tag=8,"21 Apr 2019 05:27:04","Bomb Blasts took place on Sunday at three churches in Colombo #SriLanka. Explosions also reported from Shangri-La Hotel, Cinnamon Grand &amp; at Kingsbury Hotel. More than 100 people are affected... https://t.co/ZuFGgP6qDZ #TerrorAttack #ChurcAttack #Easter https://t.co/VwTf5D8CZz",Tweet,"Twitter for iPhone",18,24,"""1039575352790659072""",TheBrahmastra,THE_BRAHMASTRA,Non-Verified,https://twitter.com/THE_BRAHMASTRA,Non-Protected
"""1119834672568111105""",https://twitter.com/RJ1983_2021/status/1119834672568111105,"""1119834663315562496""",https://video.twimg.com/tweet_video/D4pzsXIX4AArmxY.mp4,"21 Apr 2019 05:26:06","Very Sad Day in Srilanka, pray for the departed souls.. #SriLanka #Colombo #Easter #BOMB https://t.co/Isy62Uu6CN",Tweet,"Twitter for Android",0,0,"""83562045""",üåêRobinüåê,RJ1983_2021,Non-Verified,https://twitter.com/RJ1983_2021,Non-Protected
"""1119832766735179777""",https://twitter.com/sidnokid/status/1119832766735179777,"""1119832231973990401""",https://video.twimg.com/ext_tw_video/1119832231973990401/pu/pl/J00NP0CePmC6ZoF3.m3u8?tag=8,"21 Apr 2019 05:18:31","#TerrorAttacks are reported from multiple Church's in Sri Lanka more than 100 people have been directly impacted...#SriLanka #ChurchAttacks #Easter https://t.co/0T7mQPOQrE https://t.co/9awOUnWGTQ",Tweet,"Twitter for iPhone",1,1,"""120089171""","Siddharth Mehta",sidnokid,Non-Verified,https://twitter.com/sidnokid,Non-Protected
"""1119830325557911554""",https://twitter.com/PotterOnPoltics/status/1119830325557911554,"""1119830318498877441""",https://video.twimg.com/tweet_video/D4pvvdbWkAEOodx.mp4,"21 Apr 2019 05:08:49","üö®üö®üö®üö®üö®üö®üö®üö®üö®üö®According to several sources, there have been explosions üò¢ at two churches in #SriLanka during #Easter Mass.üò° https://t.co/xukmOufnTi",Tweet,"Twitter for iPhone",0,0,"""3371771355""","POTTER ON POLITICS",PotterOnPoltics,Non-Verified,https://twitter.com/PotterOnPoltics,Non-Protected
"""1119826656946819072""",https://twitter.com/toptamilnews/status/1119826656946819072,"""1119826612113985538""",https://video.twimg.com/ext_tw_video/1119826612113985538/pu/pl/VlVR72j050WeR66O.m3u8?tag=8,"21 Apr 2019 04:54:15","‡Æï‡Øä‡Æ¥‡ØÅ‡ÆÆ‡Øç‡Æ™‡ØÅ‡Æµ‡Æø‡Æ≤‡Øç ‡Æà‡Æ∏‡Øç‡Æü‡Æ∞‡Øç ‡Æ™‡Æ£‡Øç‡Æü‡Æø‡Æï‡Øà‡ÆØ‡Øà‡ÆØ‡Øä‡Æü‡Øç‡Æü‡Æø ‡Æ§‡Øá‡Æµ‡Ææ‡Æ≤‡ÆØ‡Æ§‡Øç‡Æ§‡Æø‡Æ≤‡Øç ‡Æö‡Æø‡Æ±‡Æ™‡Øç‡Æ™‡ØÅ ‡Æ™‡Æø‡Æ∞‡Ææ‡Æ∞‡Øç‡Æ§‡Øç‡Æ§‡Æ©‡Øà ‡Æ®‡Æü‡Øà‡Æ™‡ØÜ‡Æ±‡Øç‡Æ±‡Æ™‡Øã‡Æ§‡ØÅ ‡Æï‡ØÅ‡Æ£‡Øç‡Æü‡ØÅ‡Æµ‡ØÜ‡Æü‡Æø‡Æ™‡Øç‡Æ™‡ØÅ - ‡Æ™‡Æ≤‡Æ∞‡Øç ‡Æâ‡ÆØ‡Æø‡Æ∞‡Æø‡Æ¥‡Æ™‡Øç‡Æ™‡ØÅ ‡Æé‡Æ©‡Æ§‡Øç ‡Æ§‡Æï‡Æµ‡Æ≤‡Øç 

#SriLanka #Colombo #Easter https://t.co/IS3wbb8QQI",Tweet,"Twitter Web Client",2,0,"""823376817407008770""","Top Tamil News",toptamilnews,Non-Verified,https://twitter.com/toptamilnews,Non-Protected
"""1119826567381696512""",https://twitter.com/zeesalaamtweet/status/1119826567381696512,"""1119826397101350912""",https://video.twimg.com/ext_tw_video/1119826397101350912/pu/vid/480x360/f7PZ-EZrZPPgK3wA.mp4?tag=8,"21 Apr 2019 04:53:53","#SriLanka
 #Colombo Series of blasts in churches and hotels across the country 
#Blastsrilanka
#Easter
#EasterSunday https://t.co/Row5iqGQ4L",Tweet,"Twitter Web Client",0,0,"""229393644""","Zee Salaam",zeesalaamtweet,Verified,https://twitter.com/zeesalaamtweet,Non-Protected
"""1119825196746072065""",https://twitter.com/sunnewstamil/status/1119825196746072065,"""1119824905745207297""",https://video.twimg.com/amplify_video/1119824905745207297/vid/1280x720/bn6uziWdSMabrAUP.mp4?tag=11,"21 Apr 2019 04:48:26","#BREAKING ‡Æá‡Æ≤‡Æô‡Øç‡Æï‡Øà‡ÆØ‡Æø‡Æ≤‡Øç ‡Æï‡ØÅ‡Æ£‡Øç‡Æü‡ØÅ‡Æµ‡ØÜ‡Æü‡Æø‡Æ™‡Øç‡Æ™‡ØÅ - 10 ‡Æ™‡Øá‡Æ∞‡Øç ‡Æ™‡Æ≤‡Æø
‡Æï‡Øä‡Æö‡Øç‡Æö‡Æø‡Æï‡Øç‡Æï‡Æü‡Øà, ‡Æï‡Æü‡Øç‡Æü‡ØÅ‡Æµ‡Ææ‡Æ™‡Æø‡Æü‡Øç‡Æü‡Æø‡ÆØ‡Ææ ‡Æâ‡Æ≥‡Øç‡Æ≥‡Æø‡Æü‡Øç‡Æü ‡Æá‡Æü‡Æô‡Øç‡Æï‡Æ≥‡Æø‡Æ≤‡Øç ‡Æ§‡Øá‡Æµ‡Ææ‡Æ≤‡ÆØ‡Æô‡Øç‡Æï‡Æ≥‡Øç ‡ÆÆ‡ØÄ‡Æ§‡ØÅ ‡Æ§‡Ææ‡Æï‡Øç‡Æï‡ØÅ‡Æ§‡Æ≤‡Øç
‡Æà‡Æ∏‡Øç‡Æü‡Æ∞‡Øç ‡Æ§‡Æø‡Æ∞‡ØÅ‡Æ®‡Ææ‡Æ≥‡Æø‡Æ≤‡Øç ‡Æá‡Æ≤‡Æô‡Øç‡Æï‡Øà‡ÆØ‡Æø‡Æ≤‡Øç ‡Æ™‡Æ≤‡Øç‡Æµ‡Øá‡Æ±‡ØÅ ‡Æ§‡Øá‡Æµ‡Ææ‡Æ≤‡ÆØ‡Æô‡Øç‡Æï‡Æ≥‡Æø‡Æ≤‡Øç ‡Æï‡ØÅ‡Æ£‡Øç‡Æü‡ØÅ‡Æµ‡ØÜ‡Æü‡Æø‡Æ™‡Øç‡Æ™‡ØÅ ‡Æ®‡Æü‡Æ®‡Øç‡Æ§‡ØÅ‡Æ≥‡Øç‡Æ≥‡Æ§‡Ææ‡Æ≤‡Øç ‡Æ™‡Æ§‡Æ±‡Øç‡Æ±‡ÆÆ‡Øç
#SriLanka #bombblast #Colombo #Easter #Church https://t.co/vCp6sC2Cig",Tweet,"Twitter Media Studio",33,148,"""1079310252""","Sun News",sunnewstamil,Verified,https://twitter.com/sunnewstamil,Non-Protected
